{"num_clients": 130, "paper": 13.123109548335455, "own": 19.445499406870688, "gap": 48.17752862039599, "worst_case_distance": 88.75787348030143}