{"num_clients": 11, "paper": 2.596480458723465, "own": 3.8949488907367567, "gap": 50.00878892235805}