{"num_clients": 51, "paper": 6.587877145972394, "own": 8.808591348426754, "gap": 33.70910163089531}