{"num_clients": 60, "paper": 6.886390139546186, "own": 9.13246824604658, "gap": 32.61619020975785}