{"num_clients": 185, "paper": 19.915364829431795, "own": 27.05385341989925, "gap": 35.84412664094352}