{"num_clients": 202, "paper": 20.145093578198214, "own": 27.133300342193348, "gap": 34.68937355326081}