{"num_clients": 123, "paper": 13.456325375377144, "own": 17.13761167617887, "gap": 27.357292560254763}