{"num_clients": 162, "paper": 16.366748277927734, "own": 23.38603878371818, "gap": 42.88750817568749, "worst_case_distance": 112.02975510974359}