{"num_clients": 163, "paper": 16.907702117304616, "own": 23.623001285988384, "gap": 39.717396971471494, "worst_case_distance": 115.0964637157385}