{"num_clients": 164, "paper": 15.791743915381314, "own": 22.12831696968109, "gap": 40.12585999528457, "worst_case_distance": 113.52874798602808}