{"num_clients": 206, "paper": 20.132972594797348, "own": 30.288903679159557, "gap": 50.44427014710509}