{"num_clients": 209, "paper": 20.34931063930435, "own": 28.829002726987227, "gap": 41.670660190839556}