{"num_clients": 169, "paper": 15.64986184921991, "own": 22.124837796321934, "gap": 41.37401345446878, "worst_case_distance": 116.57950228888578}