{"num_clients": 6, "paper": 1.6807087570081551, "own": 1.8684842156036847, "gap": 11.172397228999408, "worst_case_distance": 3.129561412599245}