{"num_clients": 149, "paper": 15.930792696626618, "own": 21.942251113168254, "gap": 37.73483549135992, "worst_case_distance": 105.7194782246521}