{"num_clients": 143, "paper": 15.097518643088499, "own": 21.067514176089105, "gap": 39.542892273450605}