{"num_clients": 78, "paper": 10.408563162174282, "own": 15.584500598859366, "gap": 49.72768436949047, "worst_case_distance": 51.64619568996926}