{"num_clients": 197, "paper": 18.7087932062186, "own": 28.08804717460234, "gap": 50.13286461077659}