{"num_clients": 162, "paper": 17.627420240439225, "own": 25.42011431257892, "gap": 44.20779652295579, "worst_case_distance": 114.42305169470485}