{"num_clients": 186, "paper": 17.548643724744803, "own": 22.98943135018126, "gap": 31.004034903076683}