{"num_clients": 45, "paper": 5.69459409782467, "own": 6.966399358043691, "gap": 22.333554216003737, "worst_case_distance": 33.17754827302336}