{"num_clients": 100, "paper": 11.068318171583538, "own": 15.964902866805096, "gap": 44.239645258779234, "worst_case_distance": 65.81135954657792}