{"num_clients": 17, "paper": 3.508920268285166, "own": 4.383218642055364, "gap": 24.916450273105628}