{"num_clients": 66, "paper": 7.767673655584837, "own": 9.32294929887286, "gap": 20.02241227229988, "worst_case_distance": 44.84611072607922}