{"num_clients": 189, "paper": 18.23098306965755, "own": 28.50863024808723, "gap": 56.37461863225093}