{"num_clients": 9, "paper": 2.350062955754367, "own": 2.983869327552532, "gap": 26.96976139495437, "worst_case_distance": 6.958593098613372}