{"num_clients": 117, "paper": 11.992091414013336, "own": 15.740830209584772, "gap": 31.260091890150665}