{"num_clients": 141, "paper": 15.767639351058566, "own": 24.160820678712707, "gap": 53.23042429360652}