{"num_clients": 133, "paper": 12.237894402197075, "own": 17.73141761498512, "gap": 44.88944774520844}