{"num_clients": 49, "paper": 5.7609002802352025, "own": 8.982959581964439, "gap": 55.92978779347466}