{"num_clients": 123, "paper": 13.582700833045315, "own": 19.137245518222223, "gap": 40.89425772864901}