{"num_clients": 115, "paper": 11.718817339282339, "own": 16.838459744072168, "gap": 43.68736414747596}