{"num_clients": 43, "paper": 5.25165268706175, "own": 8.26179983221496, "gap": 57.3180925038925}