{"num_clients": 137, "paper": 14.175249690181776, "own": 20.09682512376365, "gap": 41.774046757591464, "worst_case_distance": 89.75674513561341}