{"num_clients": 59, "paper": 9.430907728408888, "own": 12.457409800580233, "gap": 32.0913125154916}