{"num_clients": 133, "paper": 14.26704468218286, "own": 18.72155628678288, "gap": 31.22238490051803, "worst_case_distance": 89.11379753082207}