{"num_clients": 126, "paper": 13.0033686907758, "own": 18.226363752304987, "gap": 40.166476747169554}