{"num_clients": 103, "paper": 12.95563724710172, "own": 17.404736933250764, "gap": 34.34103318340704}