{"num_clients": 96, "paper": 9.141495337121885, "own": 13.79729385319264, "gap": 50.93038222274684, "worst_case_distance": 64.40491664321182}