{"num_clients": 75, "paper": 10.412911761959945, "own": 13.926566725536258, "gap": 33.74325110880383, "worst_case_distance": 54.85936630687837}