{"num_clients": 146, "paper": 15.154139901510344, "own": 21.860188064095148, "gap": 44.25225190059412, "worst_case_distance": 97.82218433876926}