{"num_clients": 181, "paper": 17.463888772245486, "own": 26.075118743214908, "gap": 49.30877700420786, "worst_case_distance": 123.29257750122692}