{"num_clients": 80, "paper": 10.867954011555241, "own": 16.026091151038692, "gap": 47.46189700470864}