{"num_clients": 91, "paper": 9.529579285103878, "own": 13.699923551690397, "gap": 43.7621026261398}