{"num_clients": 195, "paper": 18.04262213729917, "own": 26.24699402849544, "gap": 45.47217044597709}