{"num_clients": 39, "paper": 4.239611386443515, "own": 7.099320638432197, "gap": 67.45215519358267, "worst_case_distance": 23.75162485094624}