{"num_clients": 40, "paper": 6.475282613545522, "own": 8.553066718814353, "gap": 32.0879292731155, "worst_case_distance": 30.510644375524222}