{"num_clients": 178, "paper": 18.62721265748735, "own": 27.34906263210419, "gap": 46.823162085450434}