{"num_clients": 153, "paper": 16.52527976426226, "own": 24.78404942489169, "gap": 49.976579994064174, "worst_case_distance": 104.72487896299182}