{"num_clients": 199, "paper": 19.420405463343076, "own": 27.79225404448828, "gap": 43.10851592129454, "worst_case_distance": 138.49748067102843}