{"num_clients": 159, "paper": 17.422249594895355, "own": 23.698746646440107, "gap": 36.025755556755065, "worst_case_distance": 109.9567185616565}