{"num_clients": 42, "paper": 6.2715537627018385, "own": 8.758276690608671, "gap": 39.650826924196394, "worst_case_distance": 29.715594980686376}