{"num_clients": 63, "paper": 6.801602809798882, "own": 9.046465091179456, "gap": 33.004901111638894}