{"num_clients": 38, "paper": 4.914871089767623, "own": 6.6803441022174885, "gap": 35.92104411701544}