{"num_clients": 191, "paper": 18.900825125392096, "own": 27.48645840977707, "gap": 45.42464801100512, "worst_case_distance": 130.55739510666766}