{"num_clients": 44, "paper": 6.3007566917089015, "own": 9.027721517962357, "gap": 43.2799576254363}