{"num_clients": 25, "paper": 3.3445226373737915, "own": 4.609507918659377, "gap": 37.82259588109367}