{"num_clients": 102, "paper": 12.816971500075203, "own": 18.293325438300048, "gap": 42.72736299829263, "worst_case_distance": 72.12859295550906}