{"num_clients": 100, "paper": 11.420319591912357, "own": 15.303897966532658, "gap": 34.00586422616907}