{"num_clients": 157, "paper": 15.02787971017375, "own": 21.033324889893994, "gap": 39.962025884826645, "worst_case_distance": 110.23397153360692}