{"num_clients": 41, "paper": 5.0568806761650364, "own": 6.712816210253822, "gap": 32.74618564550724}