{"num_clients": 107, "paper": 12.673782232949122, "own": 15.534062711301473, "gap": 22.5684837073832, "worst_case_distance": 69.93752793863176}