{"num_clients": 42, "paper": 4.908242731674006, "own": 7.2564102596930535, "gap": 47.841308109433726, "worst_case_distance": 29.940167171330174}