{"num_clients": 156, "paper": 14.334105115644544, "own": 21.59860874178281, "gap": 50.67985456733979}