{"num_clients": 199, "paper": 20.213622086726165, "own": 26.330105030436524, "gap": 30.259212908343216}