{"num_clients": 154, "paper": 16.557835835167875, "own": 22.197675025690295, "gap": 34.06145130720364}