{"num_clients": 139, "paper": 15.829184023828702, "own": 22.34526013705275, "gap": 41.16495268116773, "worst_case_distance": 96.63127771805493}