{"num_clients": 83, "paper": 11.214476104562422, "own": 14.45431840137962, "gap": 28.889822998500314}