{"num_clients": 30, "paper": 5.834869026207219, "own": 7.572050420041296, "gap": 29.77241453118409, "worst_case_distance": 23.61010839309501}