{"num_clients": 208, "paper": 19.753151759931818, "own": 27.50149062605467, "gap": 39.225835756701535, "worst_case_distance": 142.95911415551387}