{"num_clients": 69, "paper": 8.200863715781544, "own": 12.409477658718787, "gap": 51.319154771933206}