{"num_clients": 11, "paper": 1.9565860496355845, "own": 2.9163746724060915, "gap": 49.05425053752521}