{"num_clients": 204, "paper": 19.935069776491048, "own": 27.73581294438581, "gap": 39.13075427051673, "worst_case_distance": 139.32276192086914}