{"num_clients": 108, "paper": 10.868036573876086, "own": 14.785993104190943, "gap": 36.050270015953004, "worst_case_distance": 68.39058019185627}