{"num_clients": 145, "paper": 14.382965219214633, "own": 19.99246732334567, "gap": 39.00101278585544}