{"num_clients": 155, "paper": 14.103752766442524, "own": 20.639929705332804, "gap": 46.343530315151305, "worst_case_distance": 104.27842554155389}