{"num_clients": 102, "paper": 12.462926616233412, "own": 17.237540584029826, "gap": 38.31053583816586}