{"num_clients": 93, "paper": 11.600344581722068, "own": 15.867507029297661, "gap": 36.784790464751296}