{"num_clients": 173, "paper": 17.49729147770872, "own": 24.54422056175758, "gap": 40.274399572222585}