{"num_clients": 27, "paper": 3.8259389732292224, "own": 5.17963805026295, "gap": 35.38213982255864, "worst_case_distance": 17.996446021398036}