{"num_clients": 119, "paper": 11.501580820601367, "own": 14.953540422147881, "gap": 30.01291435837623}