{"num_clients": 70, "paper": 8.140808867754657, "own": 14.716615714346565, "gap": 80.7758412390488, "worst_case_distance": 43.560354107260316}