{"num_clients": 124, "paper": 13.152252590512827, "own": 18.527946354576702, "gap": 40.87279899065768}