{"num_clients": 11, "paper": 2.9336465899948636, "own": 3.5860195217023545, "gap": 22.23761150822987}