{"num_clients": 23, "paper": 2.860494775573365, "own": 4.087126370864495, "gap": 42.88179813386517}