{"num_clients": 143, "paper": 14.694246513272805, "own": 21.657149270479582, "gap": 47.38523170220008, "worst_case_distance": 98.76192546753657}