{"num_clients": 151, "paper": 16.210781539976917, "own": 22.051910795827006, "gap": 36.032372908397136, "worst_case_distance": 102.75567736348626}