{"num_clients": 85, "paper": 9.91570379199603, "own": 13.107430750455428, "gap": 32.188607338550845, "worst_case_distance": 60.12279725869553}