{"num_clients": 110, "paper": 13.514432460270443, "own": 18.950189575659813, "gap": 40.22186748403487, "worst_case_distance": 76.26523503937985}