{"num_clients": 176, "paper": 17.169773242931694, "own": 28.658618748948918, "gap": 66.91320463854613}