{"num_clients": 27, "paper": 4.616724217571363, "own": 5.821144178388108, "gap": 26.08819379404761}