{"num_clients": 213, "paper": 21.07979232082279, "own": 29.62104821787729, "gap": 40.51869092001148}