{"num_clients": 162, "paper": 17.67582400687011, "own": 26.46163028184633, "gap": 49.70521471339282, "worst_case_distance": 113.3258936480986}