{"num_clients": 83, "paper": 8.571741457133811, "own": 13.161949921225542, "gap": 53.550477310203306, "worst_case_distance": 54.304228125992104}