{"num_clients": 23, "paper": 4.338974556135521, "own": 5.799559705302951, "gap": 33.6619892620041}