{"num_clients": 115, "paper": 12.245466779879164, "own": 16.36284985749382, "gap": 33.62373318737046}