{"num_clients": 109, "paper": 12.287857697648564, "own": 16.645793515905428, "gap": 35.465383189543374, "worst_case_distance": 78.23556287043513}