{"num_clients": 134, "paper": 14.593634196410134, "own": 21.576172359651252, "gap": 47.84646558400609, "worst_case_distance": 95.22404002238045}