{"num_clients": 73, "paper": 9.370884015199383, "own": 12.676775826550248, "gap": 35.27833453053923, "worst_case_distance": 51.28429426661385}