{"num_clients": 35, "paper": 4.21816395245978, "own": 5.786667736779856, "gap": 37.184514447462824}