{"num_clients": 145, "paper": 15.467127285001878, "own": 20.742421249964085, "gap": 34.1064883462719}