{"num_clients": 22, "paper": 4.036657648742386, "own": 4.060173860292311, "gap": 0.5825664100410188}