{"num_clients": 67, "paper": 9.185270580674803, "own": 12.134531875990444, "gap": 32.108594618003835, "worst_case_distance": 45.02324659437129}