{"num_clients": 58, "paper": 6.255534384628578, "own": 9.161762817382392, "gap": 46.45851583671492, "worst_case_distance": 41.9028523418364}