{"num_clients": 47, "paper": 5.987474482874564, "own": 8.54610467941781, "gap": 42.733045524644275, "worst_case_distance": 33.36444210701821}