{"num_clients": 107, "paper": 11.130138819942031, "own": 15.226382242963854, "gap": 36.80316561445329, "worst_case_distance": 70.3903384721166}