{"num_clients": 22, "paper": 3.7793057455826515, "own": 4.908389593982566, "gap": 29.875430155912007}