{"num_clients": 57, "paper": 7.5856263508841115, "own": 11.764018735872808, "gap": 55.08302402084042, "worst_case_distance": 37.818340624342554}