{"num_clients": 68, "paper": 7.786776543220881, "own": 12.712418071606866, "gap": 63.25649003854126}