{"num_clients": 209, "paper": 21.02436617460579, "own": 30.402238911529153, "gap": 44.60478218007062}