{"num_clients": 64, "paper": 8.470051135828873, "own": 11.097095858756733, "gap": 31.01568905310721, "worst_case_distance": 39.06864804015932}