{"num_clients": 81, "paper": 10.332391032569241, "own": 13.091391873872618, "gap": 26.702443148024436}