{"num_clients": 95, "paper": 10.28289171496008, "own": 16.22063537252846, "gap": 57.743909224774235}