{"num_clients": 34, "paper": 4.425020418939175, "own": 4.43246524136545, "gap": 0.1682437982525764, "worst_case_distance": 23.270732967132798}