{"num_clients": 32, "paper": 4.230451951359254, "own": 6.322300873296191, "gap": 49.44741001643622}