{"num_clients": 43, "paper": 7.399590865515426, "own": 8.797789798479494, "gap": 18.895624884885763, "worst_case_distance": 32.1381161058385}