{"num_clients": 38, "paper": 4.824448585790936, "own": 6.36819575661099, "gap": 31.998416883677216}