{"num_clients": 46, "paper": 5.753991472469181, "own": 8.945039162236037, "gap": 55.45798434069451}