{"num_clients": 173, "paper": 17.435493705040653, "own": 23.48877688488909, "gap": 34.718163318188225}