{"num_clients": 33, "paper": 5.807520677902026, "own": 6.991516687823333, "gap": 20.387288751747114, "worst_case_distance": 22.94600736985265}