{"num_clients": 33, "paper": 3.97547723095857, "own": 6.970243596126126, "gap": 75.33099024806779}