{"num_clients": 35, "paper": 4.777335598290778, "own": 7.471897361900559, "gap": 56.40302440912532}