{"num_clients": 207, "paper": 21.431620282763227, "own": 30.909894431755895, "gap": 44.22565360872759, "worst_case_distance": 142.66551573922348}