{"num_clients": 27, "paper": 6.3439716163486235, "own": 7.707251233292857, "gap": 21.489371317977167}