{"num_clients": 42, "paper": 4.981451268309893, "own": 8.047703739704868, "gap": 61.55339691670403, "worst_case_distance": 25.921945586610896}