{"num_clients": 5, "paper": 1.5806175018294688, "own": 1.8165794236178125, "gap": 14.928464446030244, "worst_case_distance": 2.901909142442026}