{"num_clients": 137, "paper": 13.457366270463746, "own": 19.48330809653626, "gap": 44.778017518169676, "worst_case_distance": 93.90780163537592}