{"num_clients": 206, "paper": 20.54198905245347, "own": 28.52211274049461, "gap": 38.84786262744122, "worst_case_distance": 142.01721948451925}