{"num_clients": 112, "paper": 13.031582851406466, "own": 17.41604924610008, "gap": 33.644925905684666}