{"num_clients": 53, "paper": 5.985160661491529, "own": 8.052256361963188, "gap": 34.537012745060224}