{"num_clients": 89, "paper": 12.863390053318831, "own": 16.084600636284826, "gap": 25.041692505739597}