{"num_clients": 56, "paper": 5.942938308073794, "own": 9.40580507375755, "gap": 58.26859688210577}