{"num_clients": 101, "paper": 11.661899155905814, "own": 14.934945625394208, "gap": 28.066153083058154}