{"num_clients": 17, "paper": 3.324310039558715, "own": 4.471352703197685, "gap": 34.50468367839825}