{"num_clients": 197, "paper": 19.71589522504103, "own": 27.647934097213696, "gap": 40.23169519636234}