{"num_clients": 135, "paper": 13.813061137108766, "own": 17.925231560215746, "gap": 29.770160157038905, "worst_case_distance": 91.71979616898243}