{"num_clients": 134, "paper": 15.149770489604242, "own": 21.4128346015673, "gap": 41.340983457543246}