{"num_clients": 19, "paper": 3.2830231448366143, "own": 3.328619315546415, "gap": 1.388847068638932, "worst_case_distance": 14.124930920224976}