{"num_clients": 18, "paper": 2.866004005236539, "own": 3.8626199794111042, "gap": 34.77371184246869}