{"num_clients": 21, "paper": 3.8142308357301826, "own": 4.845081539517226, "gap": 27.026437260441828}