{"num_clients": 121, "paper": 11.652129912426242, "own": 17.862035109290378, "gap": 53.2941637583501}