{"num_clients": 153, "paper": 15.939554905733946, "own": 23.577097963641876, "gap": 47.91566077645286, "worst_case_distance": 104.84438186369411}