{"num_clients": 200, "paper": 19.64006405735442, "own": 30.05877577483845, "gap": 53.04825731249405, "worst_case_distance": 137.27802452971267}