{"num_clients": 68, "paper": 9.622139293113904, "own": 13.089522253153227, "gap": 36.03546835495055}