{"num_clients": 175, "paper": 17.67225027107634, "own": 24.433802069243228, "gap": 38.26084224957658}