{"num_clients": 57, "paper": 6.978398018771924, "own": 9.097488226746533, "gap": 30.366427972068188, "worst_case_distance": 37.32171349173018}