{"num_clients": 91, "paper": 9.590392722582454, "own": 13.158031902668949, "gap": 37.200136462459874}