{"num_clients": 82, "paper": 10.766278424501083, "own": 15.014874065923717, "gap": 39.462063620368596}