{"num_clients": 56, "paper": 7.9794052368624335, "own": 9.890379010679675, "gap": 23.948824719280104, "worst_case_distance": 38.51314743137948}