{"num_clients": 13, "paper": 2.773536504052663, "own": 3.69553656794536, "gap": 33.24275929108846, "worst_case_distance": 7.931144352986193}