{"num_clients": 149, "paper": 15.850259063118884, "own": 20.91732059456405, "gap": 31.96831995784497, "worst_case_distance": 100.36560264753085}