{"num_clients": 55, "paper": 5.978829106228067, "own": 8.976742986399563, "gap": 50.14215704959033}