{"num_clients": 59, "paper": 5.812347192384921, "own": 7.6039666620689585, "gap": 30.82437112551255, "worst_case_distance": 40.41234865291163}