{"num_clients": 137, "paper": 15.903797585387277, "own": 21.534354872706757, "gap": 35.40385406120201, "worst_case_distance": 94.29008905212338}