{"num_clients": 59, "paper": 7.813691847242149, "own": 10.756890028660216, "gap": 37.66719034942327}