{"num_clients": 88, "paper": 10.985639500770542, "own": 15.515561012488886, "gap": 41.234936859166105}