{"num_clients": 114, "paper": 11.055927176145218, "own": 15.852986259167551, "gap": 43.389025692686275, "worst_case_distance": 73.79919653699517}