{"num_clients": 127, "paper": 13.40395173851342, "own": 20.490143028520226, "gap": 52.86643393116772}