{"num_clients": 60, "paper": 7.922242887491648, "own": 10.18543731154562, "gap": 28.567597032745716}