{"num_clients": 130, "paper": 14.112317888745752, "own": 20.00117917672431, "gap": 41.72851925816374}