{"num_clients": 98, "paper": 10.873042558334058, "own": 15.070103978723175, "gap": 38.60061613731218, "worst_case_distance": 68.26151479435852}