{"num_clients": 124, "paper": 12.371852654940138, "own": 18.62775330509458, "gap": 50.56559291996119}