{"num_clients": 112, "paper": 12.675912935520913, "own": 18.82068496414809, "gap": 48.47597218349511}