{"num_clients": 169, "paper": 17.167460047732106, "own": 24.22063430019726, "gap": 41.08455317708404}