{"num_clients": 214, "paper": 21.03536412573201, "own": 30.614659419116045, "gap": 45.539003918006514}