{"num_clients": 74, "paper": 7.848346237882278, "own": 11.568238644268506, "gap": 47.397149585872086}