{"num_clients": 77, "paper": 10.366129095995756, "own": 12.747504681833256, "gap": 22.972659936845474, "worst_case_distance": 51.38309293049105}