{"num_clients": 178, "paper": 18.745597580211253, "own": 26.0874584791149, "gap": 39.16578742015706}