{"num_clients": 96, "paper": 10.727688066612057, "own": 13.986628658959834, "gap": 30.37877846663557}