{"num_clients": 28, "paper": 5.811888575655665, "own": 7.251569994388005, "gap": 24.771318307146363}