{"num_clients": 213, "paper": 20.985267337407933, "own": 28.207597951966715, "gap": 34.41619541193261}