{"num_clients": 185, "paper": 18.61433777955159, "own": 24.962038851049574, "gap": 34.10113830893906}