{"num_clients": 158, "paper": 17.067349290766256, "own": 23.174195892121972, "gap": 35.78087315913567, "worst_case_distance": 112.05052790250664}