{"num_clients": 134, "paper": 15.658506261159998, "own": 21.223851126954454, "gap": 35.54199087047636, "worst_case_distance": 90.09521119521234}