{"num_clients": 55, "paper": 6.382406947943167, "own": 8.956517956971034, "gap": 40.33135194955588}