{"num_clients": 69, "paper": 7.998393961207846, "own": 11.121314018745842, "gap": 39.044339059617926}