{"num_clients": 125, "paper": 13.22008860476867, "own": 20.807732055337382, "gap": 57.39480027260744, "worst_case_distance": 90.12049239552015}