{"num_clients": 161, "paper": 17.05657254329826, "own": 24.97820448160987, "gap": 46.44328113518983}