{"num_clients": 204, "paper": 19.393748028669105, "own": 27.56446927146205, "gap": 42.13069712318862, "worst_case_distance": 140.7436314202339}