{"num_clients": 15, "paper": 3.323760640558862, "own": 4.178079705353235, "gap": 25.70338713231548, "worst_case_distance": 8.736926136294633}