{"num_clients": 92, "paper": 9.851878656929218, "own": 15.383680680782089, "gap": 56.14971739387122}