{"num_clients": 25, "paper": 3.672052250951001, "own": 7.1665540930065585, "gap": 95.16481801560799}