{"num_clients": 163, "paper": 17.30815856591444, "own": 23.28734411370787, "gap": 34.54547475413388, "worst_case_distance": 117.45408930528828}