{"num_clients": 157, "paper": 17.349304075908883, "own": 23.516567748021327, "gap": 35.5476141586351}