{"num_clients": 68, "paper": 7.956563956200373, "own": 10.343571089280063, "gap": 30.000476917169117, "worst_case_distance": 47.55129992197814}