{"num_clients": 130, "paper": 12.169201023299838, "own": 18.80363880661344, "gap": 54.51826928169674}