{"num_clients": 24, "paper": 3.087150360761404, "own": 3.5828732799552476, "gap": 16.057621471718008}