{"num_clients": 167, "paper": 16.260754444440682, "own": 22.395009908178775, "gap": 37.724298000424604, "worst_case_distance": 113.10359207140412}