{"num_clients": 9, "paper": 2.2001599578083635, "own": 3.210917455418589, "gap": 45.940182395513965}