{"num_clients": 28, "paper": 4.206177903087589, "own": 5.533606063127877, "gap": 31.559011307293396}