{"num_clients": 45, "paper": 6.421270086432093, "own": 8.138508717010767, "gap": 26.74297463685784, "worst_case_distance": 30.216461087317395}