{"num_clients": 102, "paper": 8.74167771460431, "own": 13.339026570477726, "gap": 52.59115018839968, "worst_case_distance": 63.40348160587632}