{"num_clients": 137, "paper": 14.683970416167782, "own": 20.22238692391344, "gap": 37.71743166717081}