{"num_clients": 214, "paper": 19.87349175628333, "own": 30.044137989540033, "gap": 51.17694644697295}