{"num_clients": 32, "paper": 5.16586657482115, "own": 7.134641850038534, "gap": 38.11122967854712, "worst_case_distance": 21.74644334344172}