{"num_clients": 187, "paper": 18.07244491229509, "own": 27.14144274917309, "gap": 50.18135554369933, "worst_case_distance": 129.23196068940152}