{"num_clients": 62, "paper": 9.354301933460702, "own": 11.940906769891168, "gap": 27.651500398742535}