{"num_clients": 73, "paper": 8.767875749660895, "own": 11.601550325448954, "gap": 32.318826779652454, "worst_case_distance": 52.77614369952811}