{"num_clients": 186, "paper": 18.075379196198536, "own": 27.06750694049561, "gap": 49.74793417439465}