{"num_clients": 133, "paper": 16.12835615084247, "own": 23.963554033923614, "gap": 48.58026329404852, "worst_case_distance": 93.72507790845934}