{"num_clients": 72, "paper": 9.737177872881391, "own": 14.481182208251425, "gap": 48.7205265971608}