{"num_clients": 158, "paper": 16.86261672238955, "own": 22.658686741227434, "gap": 34.372304810451396, "worst_case_distance": 107.92613024331324}