{"num_clients": 110, "paper": 10.517879726677474, "own": 15.51762633405394, "gap": 47.53568910562025, "worst_case_distance": 71.99327069776211}