{"num_clients": 145, "paper": 14.088652240802617, "own": 20.812892976636174, "gap": 47.72806242146612, "worst_case_distance": 100.1281573881394}