{"num_clients": 167, "paper": 16.2845871381113, "own": 24.128229599365138, "gap": 48.16605047908848, "worst_case_distance": 114.9653531444381}