{"num_clients": 59, "paper": 6.522506651450863, "own": 10.962447698040801, "gap": 68.0710849961697, "worst_case_distance": 40.8507594211205}