{"num_clients": 9, "paper": 2.0290485296523815, "own": 2.7850455587015297, "gap": 37.258696280599366}