{"num_clients": 120, "paper": 11.477632251117383, "own": 17.465634155626546, "gap": 52.17105561058739, "worst_case_distance": 79.07414068132744}