{"num_clients": 162, "paper": 16.90514740894946, "own": 27.265081298173182, "gap": 61.282718444319805}