{"num_clients": 24, "paper": 4.379304185103605, "own": 5.751595758694004, "gap": 31.335835913346898}