{"num_clients": 92, "paper": 10.973789214545322, "own": 14.88953528595638, "gap": 35.68271628746879, "worst_case_distance": 61.16850343001994}