{"num_clients": 58, "paper": 6.904819638563722, "own": 8.746211734341957, "gap": 26.668214264337607}