{"num_clients": 102, "paper": 10.06780627637972, "own": 15.339841013356988, "gap": 52.36527791904473}