{"num_clients": 134, "paper": 14.124173089844767, "own": 24.300530755533597, "gap": 72.04922795094883, "worst_case_distance": 92.6474756952452}