{"num_clients": 108, "paper": 12.640965822782904, "own": 19.60113783555254, "gap": 55.06044482950239, "worst_case_distance": 72.76557439814205}