{"num_clients": 96, "paper": 12.07401160353537, "own": 16.08982066617439, "gap": 33.25994039514719, "worst_case_distance": 66.29729832030385}