{"num_clients": 90, "paper": 11.024098504106618, "own": 16.448400779529635, "gap": 49.20404397150837}