{"num_clients": 186, "paper": 18.982942084360687, "own": 28.568808865914487, "gap": 50.4972661189923}