{"num_clients": 98, "paper": 9.39816387841627, "own": 14.010479851383035, "gap": 49.07677747096286}