{"num_clients": 43, "paper": 5.509790252299327, "own": 7.4283315392570195, "gap": 34.82058661229532, "worst_case_distance": 30.052230234479673}