{"num_clients": 24, "paper": 3.9197486577038005, "own": 5.69620385497678, "gap": 45.320640490087726}