{"num_clients": 160, "paper": 16.46760992400052, "own": 22.583894548549186, "gap": 37.14130133501985}