{"num_clients": 21, "paper": 3.918828486655703, "own": 6.143911680911363, "gap": 56.779295185600944}