{"num_clients": 13, "paper": 3.2244128946171418, "own": 4.29917146091267, "gap": 33.331915031407355}