{"num_clients": 110, "paper": 13.464412028977796, "own": 18.721939490651796, "gap": 39.04758299403548, "worst_case_distance": 80.30130111606405}