{"num_clients": 172, "paper": 17.2090601798763, "own": 23.841130907690808, "gap": 38.5382505406648}