{"num_clients": 159, "paper": 16.518135858443262, "own": 23.523996209812246, "gap": 42.41314160028495}