{"num_clients": 77, "paper": 8.849099043759113, "own": 14.337420768776518, "gap": 62.021248692973785, "worst_case_distance": 55.31833284416902}