{"num_clients": 150, "paper": 13.97277053498566, "own": 20.821669943819728, "gap": 49.01604439638854}