{"num_clients": 148, "paper": 14.527228101046685, "own": 24.662679615167576, "gap": 69.76865403105106, "worst_case_distance": 103.88108262439681}