{"num_clients": 214, "paper": 20.49182667321025, "own": 30.353087980691722, "gap": 48.12290024087249, "worst_case_distance": 147.05427397243596}