{"num_clients": 30, "paper": 4.4140290799318205, "own": 5.38924423516568, "gap": 22.093537164665065, "worst_case_distance": 18.92249038817447}