{"num_clients": 46, "paper": 7.268005850757494, "own": 10.965332113262575, "gap": 50.871261504553324}