{"num_clients": 120, "paper": 12.380884026463912, "own": 17.15368915771355, "gap": 38.54979273731871}