{"num_clients": 158, "paper": 15.472091506267763, "own": 24.031999961906152, "gap": 55.324830855419634, "worst_case_distance": 108.53354587505984}