{"num_clients": 56, "paper": 6.561847141749997, "own": 9.752432902643628, "gap": 48.62328688812958}