{"num_clients": 200, "paper": 19.648484130809383, "own": 26.669041154805313, "gap": 35.73078196392514, "worst_case_distance": 136.9705560762055}