{"num_clients": 37, "paper": 5.2104370341636415, "own": 7.0573021631379245, "gap": 35.44549366713026}