{"num_clients": 154, "paper": 13.921663509164457, "own": 20.632423719306516, "gap": 48.20372368377133}