{"num_clients": 69, "paper": 8.702288192900385, "own": 11.546719664173498, "gap": 32.686017840614554, "worst_case_distance": 48.00342511503902}