{"num_clients": 184, "paper": 19.494400253859766, "own": 25.25850547118456, "gap": 29.568004874546162}