{"num_clients": 131, "paper": 13.650258487808925, "own": 17.84149722317152, "gap": 30.70446423491393}