{"num_clients": 17, "paper": 3.0351245020967177, "own": 4.681560683744413, "gap": 54.246083826555, "worst_case_distance": 11.247266147474793}