{"num_clients": 185, "paper": 17.9082309388785, "own": 26.16062699236592, "gap": 46.08158160151705, "worst_case_distance": 124.73900932412278}