{"num_clients": 84, "paper": 11.128812007976668, "own": 16.40805615295205, "gap": 47.43762533854863}