{"num_clients": 75, "paper": 8.194190434481177, "own": 11.777981610249881, "gap": 43.73575650241299}