{"num_clients": 154, "paper": 17.402689184765848, "own": 22.777481716826728, "gap": 30.884838975150597}