{"num_clients": 208, "paper": 20.823571954637462, "own": 28.932022209745845, "gap": 38.93880585315532}