{"num_clients": 26, "paper": 4.188664591498728, "own": 6.016467436476314, "gap": 43.636887247722726, "worst_case_distance": 17.72833271725622}