{"num_clients": 147, "paper": 15.270035509630086, "own": 21.74632558968564, "gap": 42.411755204965075}