{"num_clients": 167, "paper": 16.5431793044263, "own": 24.328549998235243, "gap": 47.060909819951526, "worst_case_distance": 114.44094480110644}