{"num_clients": 39, "paper": 4.585374895417043, "own": 7.359119803542317, "gap": 60.491126055964514, "worst_case_distance": 26.13826490868655}