{"num_clients": 83, "paper": 9.782447990294845, "own": 13.83271722452659, "gap": 41.40343233360415}