{"num_clients": 88, "paper": 10.219933115254852, "own": 14.151610220755968, "gap": 38.470673547094655}