{"num_clients": 125, "paper": 13.720625641525688, "own": 18.82688006849295, "gap": 37.21590079327799}