{"num_clients": 211, "paper": 20.504771905961274, "own": 29.309763991271016, "gap": 42.94118523088717, "worst_case_distance": 145.89749803069634}