{"num_clients": 13, "paper": 2.0922529011831874, "own": 2.8996958882873165, "gap": 38.59203572605936, "worst_case_distance": 6.898465726595102}