{"num_clients": 26, "paper": 3.489076828335703, "own": 4.316885220650339, "gap": 23.725714079775727, "worst_case_distance": 15.888611105095945}