{"num_clients": 135, "paper": 13.22937919808289, "own": 19.87482449454325, "gap": 50.232480277104564}