{"num_clients": 122, "paper": 14.52992261173546, "own": 22.32662194612776, "gap": 53.659606749007025}