{"num_clients": 62, "paper": 8.800979128075753, "own": 11.44399455696777, "gap": 30.03092485994665, "worst_case_distance": 44.08710856229945}