{"num_clients": 183, "paper": 17.141358742114527, "own": 26.06198601856672, "gap": 52.04154122587228}