{"num_clients": 212, "paper": 20.502963360439846, "own": 28.679526127693244, "gap": 39.87990722858117}