{"num_clients": 71, "paper": 9.528904161795104, "own": 14.889549603805456, "gap": 56.25668336032972}