{"num_clients": 148, "paper": 14.738554811355574, "own": 20.853612338744608, "gap": 41.49021125651737}