{"num_clients": 36, "paper": 5.311087834962432, "own": 6.804272018683147, "gap": 28.114469768155814}