{"num_clients": 129, "paper": 13.814601394627244, "own": 18.459031764047925, "gap": 33.61972044468098, "worst_case_distance": 91.10211691268026}