{"num_clients": 32, "paper": 5.7380308753246165, "own": 6.420301272146019, "gap": 11.89032285893381}