{"num_clients": 123, "paper": 12.195292159189842, "own": 16.401110455185275, "gap": 34.487228687064395, "worst_case_distance": 84.62535286594884}