{"num_clients": 140, "paper": 14.502658403921219, "own": 20.23140221107365, "gap": 39.50133587648661}