{"num_clients": 147, "paper": 16.416228970314954, "own": 21.933134111660756, "gap": 33.606409555579916, "worst_case_distance": 99.12291990114525}