{"num_clients": 132, "paper": 13.512241810447893, "own": 17.828201152670015, "gap": 31.941104982927037}