{"num_clients": 118, "paper": 13.047285901848296, "own": 18.718629785313855, "gap": 43.46761407797577, "worst_case_distance": 82.8591159616636}