{"num_clients": 178, "paper": 17.948688927477804, "own": 25.984261403101915, "gap": 44.76969046648518}