{"num_clients": 115, "paper": 12.462017365716694, "own": 16.690442399425464, "gap": 33.93050185711719}