{"num_clients": 77, "paper": 9.375261987643972, "own": 12.708161541359356, "gap": 35.549935117631314}