{"num_clients": 129, "paper": 13.427041708668403, "own": 18.27482218971346, "gap": 36.104605811385596, "worst_case_distance": 89.92771177388025}