{"num_clients": 31, "paper": 4.4361061264666235, "own": 6.361291862799142, "gap": 43.398099176358905, "worst_case_distance": 20.524091765778948}