{"num_clients": 149, "paper": 15.158272990451575, "own": 21.27883908374806, "gap": 40.37772704814013}