{"num_clients": 70, "paper": 6.418114514776226, "own": 10.60049419797478, "gap": 65.1652393170859}