{"num_clients": 53, "paper": 5.1628294815250895, "own": 7.650300349980613, "gap": 48.18038010662187}