{"num_clients": 122, "paper": 12.754368153596358, "own": 21.08362248279377, "gap": 65.30511138530063, "worst_case_distance": 82.7659339083727}