{"num_clients": 29, "paper": 4.2436730043739646, "own": 5.014910482449608, "gap": 18.17381964351934, "worst_case_distance": 18.06757716807913}