{"num_clients": 167, "paper": 14.433122688144895, "own": 20.411797639284778, "gap": 41.42329473891786, "worst_case_distance": 114.85729401027714}