{"num_clients": 157, "paper": 15.973967944875458, "own": 23.498441670930994, "gap": 47.10460013455473}