{"num_clients": 175, "paper": 18.092589007320168, "own": 25.665119416626457, "gap": 41.8543217128432}