{"num_clients": 166, "paper": 16.112827682981592, "own": 24.094646286065608, "gap": 49.537044397951526}