{"num_clients": 197, "paper": 19.281619795779996, "own": 29.938321064530456, "gap": 55.26870346796695, "worst_case_distance": 135.0260113251426}