{"num_clients": 159, "paper": 16.02435393986537, "own": 22.634055831909198, "gap": 41.24785259267281}