{"num_clients": 88, "paper": 11.962931616139407, "own": 16.813047825247363, "gap": 40.54287330845039, "worst_case_distance": 57.064323404592905}