{"num_clients": 43, "paper": 7.128703329599376, "own": 10.3881876727551, "gap": 45.723383236077275}