{"num_clients": 54, "paper": 8.618454834860083, "own": 11.852732900043023, "gap": 37.52735411573862, "worst_case_distance": 37.110507753225434}