{"num_clients": 195, "paper": 18.915274133341317, "own": 29.423296469258823, "gap": 55.55310624547265, "worst_case_distance": 132.7221860735343}