{"num_clients": 63, "paper": 7.342295122838101, "own": 10.084254546494726, "gap": 37.34471820844958, "worst_case_distance": 43.23826715974461}