{"num_clients": 94, "paper": 8.8232009854279, "own": 13.65635515583773, "gap": 54.777786184312305, "worst_case_distance": 63.882231879617585}