{"num_clients": 130, "paper": 12.809982354060992, "own": 17.518630880346958, "gap": 36.75765037094871}