{"num_clients": 29, "paper": 4.501200022130018, "own": 6.593438026270935, "gap": 46.48178249921111, "worst_case_distance": 21.618825173687327}