{"num_clients": 182, "paper": 17.712041264426553, "own": 25.960452406027795, "gap": 46.56951177145021, "worst_case_distance": 123.81509099659918}