{"num_clients": 118, "paper": 12.393379604362295, "own": 18.25329478889195, "gap": 47.282624849698365, "worst_case_distance": 81.96084276912757}