{"num_clients": 10, "paper": 2.1172013594271943, "own": 2.7458417939326347, "gap": 29.69204755637971}