{"num_clients": 195, "paper": 18.880588775908855, "own": 27.432989148984383, "gap": 45.29731818526852}