{"num_clients": 40, "paper": 5.082209261365892, "own": 6.323274364496222, "gap": 24.41979539419401}