{"num_clients": 46, "paper": 4.656677966701526, "own": 7.9381087860190025, "gap": 70.46720522187664}