{"num_clients": 126, "paper": 13.790659026640594, "own": 19.63575088671786, "gap": 42.38442737787806, "worst_case_distance": 83.02657111371134}