{"num_clients": 11, "paper": 2.1737462819872957, "own": 3.7768447239528284, "gap": 73.74818557481042, "worst_case_distance": 7.077868476360193}