{"num_clients": 91, "paper": 8.972937683645299, "own": 12.774427742553916, "gap": 42.36617028821541}