{"num_clients": 147, "paper": 14.954823990871605, "own": 22.556507450783425, "gap": 50.83097911785437, "worst_case_distance": 98.6857473506324}