{"num_clients": 109, "paper": 14.162196821417707, "own": 21.88452892861908, "gap": 54.52778410424837}