{"num_clients": 143, "paper": 14.423691900929239, "own": 21.2284613952938, "gap": 47.17772357523919, "worst_case_distance": 95.44944639387221}