{"num_clients": 117, "paper": 13.200972253537708, "own": 20.002054567107052, "gap": 51.519556158045354, "worst_case_distance": 82.5314640922691}