{"num_clients": 184, "paper": 19.49428682941353, "own": 25.542798668752376, "gap": 31.02709984862171, "worst_case_distance": 127.7702604976896}