{"num_clients": 186, "paper": 18.770185207505506, "own": 25.548219452810883, "gap": 36.11064126631576, "worst_case_distance": 127.33567133092146}