{"num_clients": 165, "paper": 17.440723675442477, "own": 25.467864166591013, "gap": 46.02527188967051}