{"num_clients": 49, "paper": 5.3686937924502764, "own": 7.078131082383996, "gap": 31.84084166501757, "worst_case_distance": 32.02898615404924}