{"num_clients": 129, "paper": 13.346293989091079, "own": 19.91694074147689, "gap": 49.231994722703476}