{"num_clients": 5, "paper": 1.8941343922662377, "own": 2.176924107244881, "gap": 14.929759795993114, "worst_case_distance": 3.1158517789931057}