{"num_clients": 138, "paper": 14.21285893772024, "own": 19.228445471086204, "gap": 35.289075585312666}