{"num_clients": 212, "paper": 21.8064610049832, "own": 30.07363144785022, "gap": 37.91156410468355, "worst_case_distance": 145.41960117826963}