{"num_clients": 125, "paper": 14.552779829120837, "own": 21.40920638656587, "gap": 47.1142052443134, "worst_case_distance": 90.11620861830676}