{"num_clients": 111, "paper": 12.167737405106296, "own": 18.68198945597966, "gap": 53.53708609901133, "worst_case_distance": 75.0341719872436}