{"num_clients": 114, "paper": 12.381631517206012, "own": 16.9179382123484, "gap": 36.63739054775257, "worst_case_distance": 81.07651202798301}