{"num_clients": 30, "paper": 5.081989465572448, "own": 7.740924612026266, "gap": 52.320752816718176}