{"num_clients": 118, "paper": 11.23007813678384, "own": 15.558014842127442, "gap": 38.538794233029904, "worst_case_distance": 79.13385662923399}