{"num_clients": 106, "paper": 9.830165591721421, "own": 15.83569951678294, "gap": 61.092907022025585, "worst_case_distance": 72.72351637888069}