{"num_clients": 163, "paper": 16.386285784036605, "own": 23.913858201038707, "gap": 45.93824687431856, "worst_case_distance": 114.57312357833321}