{"num_clients": 154, "paper": 15.998084571659135, "own": 22.812897023626597, "gap": 42.59767737470279, "worst_case_distance": 106.38777115255401}