{"num_clients": 178, "paper": 18.347863220891078, "own": 25.978614428184983, "gap": 41.58931814253688}