{"num_clients": 203, "paper": 19.988028725905657, "own": 27.55001536211868, "gap": 37.83257838934484, "worst_case_distance": 139.8607859708362}