{"num_clients": 214, "paper": 20.969550686723657, "own": 30.228991880419347, "gap": 44.15660274284308}