{"num_clients": 188, "paper": 19.71157008348626, "own": 27.29977801133354, "gap": 38.4962126086772}