{"num_clients": 95, "paper": 12.217774094985828, "own": 15.607863718584973, "gap": 27.74719517027604, "worst_case_distance": 62.27420050076914}