{"num_clients": 82, "paper": 11.084794645209254, "own": 16.45712114996933, "gap": 48.4657287456556, "worst_case_distance": 58.80554131596501}