{"num_clients": 159, "paper": 18.09795673176703, "own": 24.365838013669247, "gap": 34.63308800435085}