{"num_clients": 34, "paper": 4.9351940910375305, "own": 6.901861390800477, "gap": 39.84984710802917}