{"num_clients": 204, "paper": 19.60522569037257, "own": 27.821067151877287, "gap": 41.90638552831976, "worst_case_distance": 140.75348423956146}