{"num_clients": 175, "paper": 17.935670133729573, "own": 24.158772051336435, "gap": 34.69679064794897}