{"num_clients": 54, "paper": 5.991230794222852, "own": 9.149424942617971, "gap": 52.71361189157431}