{"num_clients": 70, "paper": 7.85323402818179, "own": 10.713862368280015, "gap": 36.42611858799436}