{"num_clients": 60, "paper": 6.271205281788719, "own": 9.776093806165477, "gap": 55.888595044955515, "worst_case_distance": 39.90517309954545}