{"num_clients": 103, "paper": 11.681353167699253, "own": 14.552250177575726, "gap": 24.57675038723208}