{"num_clients": 122, "paper": 13.110731642787167, "own": 18.47686530122258, "gap": 40.92932266970455}