{"num_clients": 112, "paper": 13.070556684208054, "own": 17.81145177149075, "gap": 36.271562121073856}