{"num_clients": 166, "paper": 15.01327347281559, "own": 21.8343143741284, "gap": 45.43340207359583, "worst_case_distance": 114.1223145114428}