{"num_clients": 114, "paper": 12.22606861988545, "own": 18.044083222302937, "gap": 47.586961788801084}