{"num_clients": 111, "paper": 13.007407638436806, "own": 16.818428594596128, "gap": 29.298850794048924}