{"num_clients": 55, "paper": 5.737796836490289, "own": 7.639315358046131, "gap": 33.14022046690257}