{"num_clients": 107, "paper": 13.648619493140252, "own": 19.200317536001656, "gap": 40.67589433240239}