{"num_clients": 16, "paper": 2.921029306606135, "own": 3.367670881171016, "gap": 15.290554379402032, "worst_case_distance": 11.577245833002253}