{"num_clients": 96, "paper": 12.09760177448772, "own": 16.856595993034414, "gap": 39.3383276062434}