{"num_clients": 96, "paper": 10.433396934276299, "own": 16.00290427793112, "gap": 53.381534113377825}