{"num_clients": 156, "paper": 17.09814074856264, "own": 25.004278209808085, "gap": 46.239749558209}