{"num_clients": 108, "paper": 12.000427099944055, "own": 18.417340797480804, "gap": 53.47237764201462}