{"num_clients": 138, "paper": 12.761579984140187, "own": 18.443846941963166, "gap": 44.526359313539366, "worst_case_distance": 95.17982143927422}