{"num_clients": 180, "paper": 17.863710724711915, "own": 23.784729514248674, "gap": 33.145514281900404, "worst_case_distance": 121.30023034780639}