{"num_clients": 23, "paper": 3.59274010066362, "own": 4.044864387927886, "gap": 12.5843861397253}