{"num_clients": 205, "paper": 19.258566460399557, "own": 27.507769815626308, "gap": 42.83394286999078}