{"num_clients": 69, "paper": 7.929333095600576, "own": 11.38052985057207, "gap": 43.524426497939885}