{"num_clients": 122, "paper": 14.455603009429371, "own": 19.073839004517918, "gap": 31.94772291461019, "worst_case_distance": 82.94419861282411}