{"num_clients": 50, "paper": 6.1984493524058, "own": 8.423422475208184, "gap": 35.895640930562855, "worst_case_distance": 33.30394125480064}