{"num_clients": 192, "paper": 18.9325416357969, "own": 28.500214197669727, "gap": 50.53559498732412}