{"num_clients": 182, "paper": 17.790022391802076, "own": 25.312916534678596, "gap": 42.28715387307882}