{"num_clients": 61, "paper": 6.759366744444454, "own": 10.209786171706916, "gap": 51.04648937858527}