{"num_clients": 20, "paper": 5.52225883367267, "own": 7.061124779828166, "gap": 27.866603006220323, "worst_case_distance": 13.490532958222275}