{"num_clients": 187, "paper": 18.723675043020744, "own": 28.7090973890094, "gap": 53.33046169112363, "worst_case_distance": 128.6431123080496}