{"num_clients": 92, "paper": 9.192705254926567, "own": 11.656364009368376, "gap": 26.80014953292973}