{"num_clients": 207, "paper": 20.350296951122086, "own": 28.77389687605323, "gap": 41.393007409981195, "worst_case_distance": 142.0785723911754}