{"num_clients": 85, "paper": 10.241695397790014, "own": 17.567119583515428, "gap": 71.52550335861498}