{"num_clients": 107, "paper": 10.765494039868576, "own": 16.06048872806072, "gap": 49.184874085507204, "worst_case_distance": 66.99683858266624}