{"num_clients": 168, "paper": 18.372036243976897, "own": 26.65252760498492, "gap": 45.07116822024943}