{"num_clients": 159, "paper": 15.191042308491532, "own": 21.53542049324857, "gap": 41.76394256509073}