{"num_clients": 211, "paper": 20.324014978943474, "own": 29.299284157602546, "gap": 44.160906139647224, "worst_case_distance": 146.1727680024467}