{"num_clients": 61, "paper": 7.186951136734538, "own": 10.22629070144883, "gap": 42.289692901616775, "worst_case_distance": 41.99941165842637}