{"num_clients": 24, "paper": 4.348691557886054, "own": 6.822152344220765, "gap": 56.87827599198796}