{"num_clients": 19, "paper": 3.490642591654238, "own": 5.012153030859944, "gap": 43.588262024977254}