{"num_clients": 91, "paper": 10.43905174630248, "own": 12.859885339451221, "gap": 23.190167574427445}