{"num_clients": 153, "paper": 16.4403780199083, "own": 24.235241619935262, "gap": 47.41292195707334}