{"num_clients": 99, "paper": 9.49687299446588, "own": 13.207759912412731, "gap": 39.07482936867008}