{"num_clients": 205, "paper": 20.112348030338765, "own": 26.964482135111627, "gap": 34.06928964453408}