{"num_clients": 181, "paper": 17.800554743503323, "own": 25.424387427483868, "gap": 42.82918590929319}