{"num_clients": 57, "paper": 6.712387509585606, "own": 8.828270192359348, "gap": 31.52205798238199}