{"num_clients": 100, "paper": 12.078948924342232, "own": 14.901449140674396, "gap": 23.367101177521256}