{"num_clients": 51, "paper": 5.901721881943407, "own": 9.193215992735755, "gap": 55.77175910072665, "worst_case_distance": 34.80522779773374}