{"num_clients": 25, "paper": 4.083853350300188, "own": 5.618946262959275, "gap": 37.58932510508115}