{"num_clients": 71, "paper": 6.8818573960174065, "own": 8.525849224426677, "gap": 23.888780801541508, "worst_case_distance": 44.60190210723121}