{"num_clients": 120, "paper": 14.478898800672484, "own": 20.337907181305436, "gap": 40.46584247388223}