{"num_clients": 129, "paper": 13.521421772173264, "own": 19.62706899879218, "gap": 45.15536405486722, "worst_case_distance": 90.69042946938028}