{"num_clients": 180, "paper": 17.93461466132208, "own": 23.925722931866996, "gap": 33.40528014502249}