{"num_clients": 61, "paper": 7.871151729662234, "own": 10.421715924767412, "gap": 32.40395157793034, "worst_case_distance": 41.939874462327744}