{"num_clients": 142, "paper": 16.748247583102174, "own": 22.382692585066895, "gap": 33.641997313494976}