{"num_clients": 63, "paper": 8.147736312029682, "own": 12.237619916035605, "gap": 50.19656316033982}