{"num_clients": 156, "paper": 15.650549117286534, "own": 23.151481284643268, "gap": 47.927597371466746}