{"num_clients": 109, "paper": 10.802716094582564, "own": 17.27156072900924, "gap": 59.88164992756522}