{"num_clients": 23, "paper": 3.3473161927909514, "own": 4.60058857507018, "gap": 37.44111132908139}