{"num_clients": 19, "paper": 3.625499064352786, "own": 5.182930600205486, "gap": 42.95771446104975}