{"num_clients": 42, "paper": 6.241077631981561, "own": 9.558369931034292, "gap": 53.15255625172348}