{"num_clients": 175, "paper": 17.103014068715193, "own": 27.55788218890457, "gap": 61.12880500585804, "worst_case_distance": 119.62495732438947}