{"num_clients": 19, "paper": 3.0765521970564933, "own": 3.930714913469336, "gap": 27.76363479969777}