{"num_clients": 36, "paper": 5.128494660687286, "own": 7.616071025253847, "gap": 48.50500057327138}