{"num_clients": 30, "paper": 6.342381348700149, "own": 7.812915436352293, "gap": 23.185835206101647, "worst_case_distance": 23.63027990089867}