{"num_clients": 209, "paper": 20.628299306870456, "own": 30.726102808899867, "gap": 48.9512167329579, "worst_case_distance": 144.36304764304333}