{"num_clients": 184, "paper": 18.327682719818277, "own": 26.315718976005613, "gap": 43.584540273329964, "worst_case_distance": 125.22387344581388}