{"num_clients": 164, "paper": 16.06571562189554, "own": 24.719299439410054, "gap": 53.86366857957312, "worst_case_distance": 114.1126099931185}