{"num_clients": 145, "paper": 14.072819303655264, "own": 21.684883793259047, "gap": 54.09054380188505}