{"num_clients": 113, "paper": 13.411899993339807, "own": 18.502960389758506, "gap": 37.95927794679994}