{"num_clients": 128, "paper": 13.27156001147929, "own": 18.41229872649494, "gap": 38.73499958233355, "worst_case_distance": 83.90195528037094}