{"num_clients": 130, "paper": 15.37063414433089, "own": 21.918394182798718, "gap": 42.59915353513779, "worst_case_distance": 93.63665414007664}