{"num_clients": 181, "paper": 19.152922200959956, "own": 27.07300525580089, "gap": 41.35182596023898}