{"num_clients": 175, "paper": 18.072745373810154, "own": 24.018859554390577, "gap": 32.90100124576061, "worst_case_distance": 119.30833380963959}