{"num_clients": 81, "paper": 8.960280643982482, "own": 12.46783849228585, "gap": 39.145624871236166, "worst_case_distance": 50.29619407027006}