{"num_clients": 71, "paper": 8.593164568468197, "own": 13.442423976654528, "gap": 56.4315901266482}