{"num_clients": 178, "paper": 16.723365637607927, "own": 25.115108489494087, "gap": 50.17974870449879}