{"num_clients": 182, "paper": 19.17387517552215, "own": 28.276330206297217, "gap": 47.47321523400492, "worst_case_distance": 122.95574888614695}