{"num_clients": 150, "paper": 16.76010447238172, "own": 23.296205039400878, "gap": 38.997970315696584}