{"num_clients": 40, "paper": 4.936252303890283, "own": 7.042370766006579, "gap": 42.66634548757678, "worst_case_distance": 25.96758047922013}