{"num_clients": 131, "paper": 12.04610838602885, "own": 18.044477313839216, "gap": 49.7950768462893}