{"num_clients": 87, "paper": 10.32912310824593, "own": 14.120155912065933, "gap": 36.70236828519886}