{"num_clients": 165, "paper": 17.36227531224065, "own": 25.000314275493693, "gap": 43.992154403104735}