{"num_clients": 35, "paper": 8.629497269125391, "own": 9.324502699244468, "gap": 8.053834521805413, "worst_case_distance": 25.33438606838738}