{"num_clients": 46, "paper": 5.132868587010864, "own": 7.483618914685063, "gap": 45.79798387246774, "worst_case_distance": 31.234615929553684}