{"num_clients": 125, "paper": 12.256932580239958, "own": 17.12902069157709, "gap": 39.74965252882012, "worst_case_distance": 86.89840541423554}