{"num_clients": 212, "paper": 21.242220457262786, "own": 29.719110301233897, "gap": 39.905855703859984}