{"num_clients": 30, "paper": 4.697267676655382, "own": 7.054304358759131, "gap": 50.178887905788706}