{"num_clients": 186, "paper": 19.791615573449494, "own": 27.05550135569649, "gap": 36.701833436940426}