{"num_clients": 102, "paper": 10.414679241644848, "own": 14.310489365390248, "gap": 37.40691415792574}