{"num_clients": 106, "paper": 11.610676272716814, "own": 16.278381691127016, "gap": 40.20183931386103, "worst_case_distance": 68.6486703638427}