{"num_clients": 97, "paper": 10.754650952547033, "own": 15.954950673602264, "gap": 48.3539609421135}