{"num_clients": 193, "paper": 19.080490690933757, "own": 30.210206874682623, "gap": 58.33034571294979, "worst_case_distance": 131.25879300426647}