{"num_clients": 121, "paper": 12.060556098873866, "own": 18.73594297009816, "gap": 55.34891439912626, "worst_case_distance": 82.78339295038641}