{"num_clients": 24, "paper": 3.872625025649338, "own": 5.927554778435425, "gap": 53.06296734581291}