{"num_clients": 47, "paper": 5.355795846057967, "own": 6.393989520004901, "gap": 19.384489323114806, "worst_case_distance": 29.518785838909643}