{"num_clients": 120, "paper": 12.707192060731893, "own": 17.24789218461092, "gap": 35.733308367242046, "worst_case_distance": 80.47365653635954}