{"num_clients": 153, "paper": 16.802092797524555, "own": 23.25188271854483, "gap": 38.38682477679518}