{"num_clients": 186, "paper": 19.770417978659665, "own": 25.56862886466789, "gap": 29.327710179252932, "worst_case_distance": 128.11065933851205}