{"num_clients": 84, "paper": 8.281720976094816, "own": 10.559786383834197, "gap": 27.50714995488277}