{"num_clients": 25, "paper": 4.444050398602402, "own": 4.873033221398436, "gap": 9.65296934820865, "worst_case_distance": 20.104039432677467}