{"num_clients": 211, "paper": 20.904120592773353, "own": 28.51423774276735, "gap": 36.40486628566833}