{"num_clients": 11, "paper": 3.8464240564872227, "own": 4.3750418638206074, "gap": 13.743097473661003}