{"num_clients": 171, "paper": 17.374022121358802, "own": 24.50919365936523, "gap": 41.06804681245792}