{"num_clients": 22, "paper": 3.3517657891845394, "own": 5.090805866701565, "gap": 51.88429582784546}