{"num_clients": 25, "paper": 3.9140582483746336, "own": 4.824905675859583, "gap": 23.27117711810218}