{"num_clients": 135, "paper": 14.678119001134299, "own": 20.668863393292906, "gap": 40.81411515805024, "worst_case_distance": 98.07071920179754}