{"num_clients": 206, "paper": 19.927075397692043, "own": 25.440951713305665, "gap": 27.670273763566122}