{"num_clients": 88, "paper": 9.310856739799172, "own": 12.58109090974789, "gap": 35.12280621792976}