{"num_clients": 195, "paper": 19.273531958469736, "own": 28.404106576886747, "gap": 47.37364504903103, "worst_case_distance": 133.90428327745087}