{"num_clients": 105, "paper": 9.990870073701531, "own": 14.65712256974882, "gap": 46.70516643320217}