{"num_clients": 77, "paper": 7.583398273357306, "own": 11.315319663973755, "gap": 49.211728780325025, "worst_case_distance": 49.003594293125865}