{"num_clients": 177, "paper": 18.200227942457083, "own": 25.066190999998607, "gap": 37.724599270126504}