{"num_clients": 131, "paper": 12.983499951849355, "own": 21.134666958470188, "gap": 62.78096843570897}