{"num_clients": 181, "paper": 18.591985989422774, "own": 25.89655687865816, "gap": 39.28881451067709}