{"num_clients": 182, "paper": 17.86884479136534, "own": 26.187175795351013, "gap": 46.55214761284003}