{"num_clients": 118, "paper": 13.051423652596915, "own": 18.855744707968448, "gap": 44.472704356789585}