{"num_clients": 160, "paper": 15.480363551767194, "own": 20.953893858356185, "gap": 35.357892521614254, "worst_case_distance": 106.95379268491342}