{"num_clients": 41, "paper": 5.653898215713758, "own": 7.559725482260593, "gap": 33.70819908377569}