{"num_clients": 8, "paper": 2.4565353242293892, "own": 3.387320431724543, "gap": 37.89015766696291}