{"num_clients": 158, "paper": 16.349933663061563, "own": 22.230356797603907, "gap": 35.96603665632989}