{"num_clients": 106, "paper": 10.154053392777643, "own": 13.253413415962925, "gap": 30.52337724942229}