{"num_clients": 82, "paper": 8.566733963828716, "own": 13.11096110585779, "gap": 53.04503631391082, "worst_case_distance": 53.573916078750514}