{"num_clients": 214, "paper": 22.106937577868244, "own": 30.222232186410523, "gap": 36.70926640090884}