{"num_clients": 180, "paper": 18.11938803908659, "own": 26.49178066208153, "gap": 46.20681782924605, "worst_case_distance": 125.7539312263596}