{"num_clients": 51, "paper": 5.113002142694543, "own": 7.4530867910426775, "gap": 45.76733165840048, "worst_case_distance": 33.401565020255944}