{"num_clients": 86, "paper": 11.826452739180604, "own": 14.504284947873316, "gap": 22.642733774440682}