{"num_clients": 79, "paper": 7.617978058172058, "own": 11.067772204554077, "gap": 45.28490526014721, "worst_case_distance": 55.963728370971424}