{"num_clients": 8, "paper": 2.013275001869171, "own": 2.400870438103351, "gap": 19.251986731784164, "worst_case_distance": 3.947625631019621}