{"num_clients": 110, "paper": 13.25695871192016, "own": 17.955950364471757, "gap": 35.445472484774676}