{"num_clients": 136, "paper": 14.333257947597529, "own": 17.996328098216004, "gap": 25.556437789724296, "worst_case_distance": 92.59665535043392}