{"num_clients": 39, "paper": 6.3718277931959095, "own": 7.71675937882524, "gap": 21.107469148263892, "worst_case_distance": 28.032502725450986}