{"num_clients": 115, "paper": 11.06045165061223, "own": 17.433668952581353, "gap": 57.62167317657727, "worst_case_distance": 80.01058117033095}