{"num_clients": 56, "paper": 8.519348369661257, "own": 11.421990792106977, "gap": 34.07117888009472}