{"num_clients": 153, "paper": 16.914417820776208, "own": 25.145502947570172, "gap": 48.66312996409259, "worst_case_distance": 105.35079675960877}