{"num_clients": 13, "paper": 3.098911888570216, "own": 4.060394859428596, "gap": 31.026470110513273}