{"num_clients": 167, "paper": 17.52789422284188, "own": 24.946374030032775, "gap": 42.32385084526202, "worst_case_distance": 117.06622688859737}