{"num_clients": 94, "paper": 10.358732021874062, "own": 12.866270250665297, "gap": 24.206999693554977, "worst_case_distance": 62.84390574800077}