{"num_clients": 146, "paper": 15.229780143600458, "own": 22.277629976164626, "gap": 46.276766743252495}