{"num_clients": 192, "paper": 19.31328242866332, "own": 27.072314769921114, "gap": 40.174591605114315}