{"num_clients": 170, "paper": 17.64507137800565, "own": 26.37898660838842, "gap": 49.497760838017804, "worst_case_distance": 117.94830247178989}