{"num_clients": 52, "paper": 7.355623422578145, "own": 10.190925718915304, "gap": 38.54605019112556, "worst_case_distance": 35.17658353592925}