{"num_clients": 56, "paper": 8.46716153678826, "own": 14.677858784551457, "gap": 73.35040462826723}