{"num_clients": 43, "paper": 5.87497869655684, "own": 8.87630840641299, "gap": 51.08664839270216}