{"num_clients": 77, "paper": 7.895630600601011, "own": 10.611665164300467, "gap": 34.399210159258374, "worst_case_distance": 54.79090709125327}