{"num_clients": 209, "paper": 20.195494981415795, "own": 31.126960934296452, "gap": 54.12823980268848, "worst_case_distance": 142.4440741150033}