{"num_clients": 79, "paper": 9.33849698785576, "own": 11.307727139181845, "gap": 21.087227997042433, "worst_case_distance": 53.919534837723205}