{"num_clients": 135, "paper": 15.39586860050338, "own": 23.273801151007348, "gap": 51.16913345341485}