{"num_clients": 89, "paper": 9.818001654891797, "own": 14.177586409472362, "gap": 44.40399286761591, "worst_case_distance": 60.96054146366124}