{"num_clients": 202, "paper": 19.324971677921226, "own": 28.643498463176694, "gap": 48.22013165432932, "worst_case_distance": 137.31095747191316}