{"num_clients": 117, "paper": 11.106201994666884, "own": 15.675146084611093, "gap": 41.13867271762373, "worst_case_distance": 82.23878883385728}