{"num_clients": 106, "paper": 12.22356110982016, "own": 16.849449933749888, "gap": 37.844035648608035}