{"num_clients": 100, "paper": 11.542895053631025, "own": 16.2602516559883, "gap": 40.868054161796664, "worst_case_distance": 69.26584050921133}