{"num_clients": 164, "paper": 16.49367957447544, "own": 22.611184284899966, "gap": 37.08999367182799}