{"num_clients": 206, "paper": 20.52791288896163, "own": 28.714283925372268, "gap": 39.87921753512824}