{"num_clients": 167, "paper": 16.075979210052687, "own": 22.933936434911367, "gap": 42.65965472616584, "worst_case_distance": 115.13905797026511}