{"num_clients": 187, "paper": 20.286004984083412, "own": 26.585960538306022, "gap": 31.055673895208113, "worst_case_distance": 128.3111431059662}