{"num_clients": 56, "paper": 6.747979556735692, "own": 9.049369557118805, "gap": 34.1048751116312}