{"num_clients": 187, "paper": 17.742699292036402, "own": 25.849476062614634, "gap": 45.69077476400032, "worst_case_distance": 127.55382347416338}