{"num_clients": 30, "paper": 4.376063902689118, "own": 7.184225332030842, "gap": 64.17094201060662}