{"num_clients": 16, "paper": 3.5888922966890346, "own": 5.039701209257927, "gap": 40.4249777544829}