{"num_clients": 149, "paper": 15.742332209546923, "own": 22.9916670374497, "gap": 46.049941847285034, "worst_case_distance": 102.79557784781065}