{"num_clients": 70, "paper": 9.52134140559886, "own": 12.14563101742944, "gap": 27.562183730618163}