{"num_clients": 36, "paper": 6.047724953832951, "own": 8.314839155233749, "gap": 37.48705866598541}