{"num_clients": 129, "paper": 14.571786825719176, "own": 19.248910429680965, "gap": 32.097117943742326, "worst_case_distance": 93.18337304318422}