{"num_clients": 187, "paper": 18.74771803205759, "own": 28.270222420000955, "gap": 50.792871813307585}