{"num_clients": 66, "paper": 7.8341729704653496, "own": 12.66526752817007, "gap": 61.66693760678803}