{"num_clients": 80, "paper": 7.915168412625692, "own": 11.494728139682811, "gap": 45.224050082715486, "worst_case_distance": 53.34012659988592}