{"num_clients": 53, "paper": 7.422106344447558, "own": 10.523009175449308, "gap": 41.77928322627069}