{"num_clients": 37, "paper": 5.386843145482037, "own": 8.113808824302883, "gap": 50.622704340444, "worst_case_distance": 25.544218263380266}