{"num_clients": 171, "paper": 17.49988929546766, "own": 26.91237061043399, "gap": 53.78594776256149, "worst_case_distance": 119.07337261887021}