{"num_clients": 122, "paper": 11.774014679746298, "own": 17.81204486777092, "gap": 51.28267929214716, "worst_case_distance": 80.75597564248878}