{"num_clients": 120, "paper": 13.319921772419233, "own": 19.876320773849628, "gap": 49.2225038063387}