{"num_clients": 43, "paper": 8.373498311833853, "own": 10.394115018822644, "gap": 24.131093501662892, "worst_case_distance": 33.43068964839405}