{"num_clients": 118, "paper": 11.410391521118038, "own": 15.567474887317607, "gap": 36.43243405369354, "worst_case_distance": 78.70556429215651}