{"num_clients": 94, "paper": 9.627158934752767, "own": 14.099832474772168, "gap": 46.45891451811024, "worst_case_distance": 62.19635752920858}