{"num_clients": 198, "paper": 18.45483271067237, "own": 26.778133445853122, "gap": 45.1009275763709, "worst_case_distance": 135.25171208804107}