{"num_clients": 21, "paper": 3.162749676535805, "own": 4.119044331238842, "gap": 30.23617903742788, "worst_case_distance": 13.997910957188173}