{"num_clients": 104, "paper": 11.118295759340288, "own": 15.121467105900715, "gap": 36.005260457273145}