{"num_clients": 140, "paper": 15.37526023410122, "own": 23.415831025271313, "gap": 52.2955102466278, "worst_case_distance": 95.9503139576037}