{"num_clients": 153, "paper": 16.884494718924223, "own": 22.819044229322174, "gap": 35.14792482209419, "worst_case_distance": 103.94525110692686}