{"num_clients": 131, "paper": 13.61358337819527, "own": 19.909025872736684, "gap": 46.2438310300046, "worst_case_distance": 90.06810178731993}