{"num_clients": 43, "paper": 5.882210011674852, "own": 7.346045709830873, "gap": 24.885811544481417, "worst_case_distance": 27.863027759223815}