{"num_clients": 87, "paper": 9.069389568349727, "own": 12.906435643575856, "gap": 42.307655287149835}