{"num_clients": 8, "paper": 2.2589837008603335, "own": 2.6341998042532175, "gap": 16.609951778314436, "worst_case_distance": 6.502698975682577}