{"num_clients": 34, "paper": 4.4050442082133525, "own": 5.8756279427512315, "gap": 33.38408572145375}