{"num_clients": 70, "paper": 7.989765388187819, "own": 11.76841075391835, "gap": 47.29357098916738, "worst_case_distance": 46.79362496658879}