{"num_clients": 214, "paper": 20.710274969001386, "own": 30.10242109572779, "gap": 45.35017589473984, "worst_case_distance": 147.05427397243596}