{"num_clients": 27, "paper": 6.925032968266235, "own": 7.478037514765878, "gap": 7.985587202743605}