{"num_clients": 95, "paper": 9.722874458817188, "own": 12.56637474725847, "gap": 29.245469541804624, "worst_case_distance": 65.30335039800327}