{"num_clients": 15, "paper": 2.9562520675980117, "own": 4.153055614491233, "gap": 40.4838125953731, "worst_case_distance": 10.970495805118206}