{"num_clients": 50, "paper": 6.5377204053957545, "own": 8.975690249574518, "gap": 37.29082452297352, "worst_case_distance": 32.08888298246656}