{"num_clients": 11, "paper": 2.3650915911749553, "own": 3.137803299967432, "gap": 32.67153423046085}