{"num_clients": 6, "paper": 1.7121045197371687, "own": 1.7597905321781018, "gap": 2.785227881312613}