{"num_clients": 212, "paper": 20.684840414851216, "own": 28.24236381611279, "gap": 36.53653230911782}