{"num_clients": 119, "paper": 13.98240792331618, "own": 19.01132560086255, "gap": 35.966034642434266, "worst_case_distance": 80.63816695026456}