{"num_clients": 52, "paper": 7.080401923761794, "own": 10.119676636632551, "gap": 42.925172124353075, "worst_case_distance": 37.37367931307729}