{"num_clients": 88, "paper": 11.2044275204228, "own": 14.95243115581841, "gap": 33.45109447639301, "worst_case_distance": 61.338873478236}