{"num_clients": 183, "paper": 18.13229028773712, "own": 25.263724002178186, "gap": 39.33002175276257}