{"num_clients": 212, "paper": 21.574417528996864, "own": 30.090976381030842, "gap": 39.47526666982961, "worst_case_distance": 145.23448977805216}