{"num_clients": 155, "paper": 16.775637422404756, "own": 22.763475375271614, "gap": 35.69365385108873, "worst_case_distance": 109.92308186476716}