{"num_clients": 8, "paper": 1.4581121017276648, "own": 2.0836450951020886, "gap": 42.900199006184245, "worst_case_distance": 3.4460614482589147}