{"num_clients": 73, "paper": 8.64746153263699, "own": 12.362021883750696, "gap": 42.95550014410961, "worst_case_distance": 49.26300248451786}