{"num_clients": 51, "paper": 6.209732293383472, "own": 8.187089425470418, "gap": 31.8428724245301, "worst_case_distance": 33.79547749540321}