{"num_clients": 52, "paper": 6.308300974727754, "own": 9.326278293492619, "gap": 47.841365382778235}