{"num_clients": 78, "paper": 10.485355322697732, "own": 14.89250883733282, "gap": 42.03151327733154, "worst_case_distance": 53.00437448576626}