{"num_clients": 117, "paper": 13.67522474360326, "own": 18.974488817777054, "gap": 38.75083717839871, "worst_case_distance": 76.55708315445656}