{"num_clients": 202, "paper": 20.455061583327485, "own": 28.132036062210492, "gap": 37.530928213583856}