{"num_clients": 106, "paper": 12.530045239303405, "own": 18.91538049963639, "gap": 50.96019318672447}