{"num_clients": 201, "paper": 19.72886235692331, "own": 27.564049801724284, "gap": 39.71433984915722}