{"num_clients": 116, "paper": 14.387411735695592, "own": 19.846459292738622, "gap": 37.94322187568297}