{"num_clients": 80, "paper": 8.216029314419353, "own": 11.086783794142296, "gap": 34.9408986976798}