{"num_clients": 34, "paper": 5.514592068251375, "own": 7.4948541051522355, "gap": 35.9094927130083}