{"num_clients": 24, "paper": 3.105241393109191, "own": 4.1773050270518155, "gap": 34.524325107916894}