{"num_clients": 175, "paper": 18.92984716544408, "own": 25.7483365442908, "gap": 36.019780398933634}