{"num_clients": 21, "paper": 4.00183927458764, "own": 5.642133862993552, "gap": 40.98851742552634, "worst_case_distance": 13.073645107569174}