{"num_clients": 65, "paper": 6.723073686376418, "own": 9.4648836805646, "gap": 40.78209048554924}