{"num_clients": 34, "paper": 4.982403129811644, "own": 8.257746388975091, "gap": 65.73822257708942, "worst_case_distance": 24.07037779015502}