{"num_clients": 32, "paper": 5.587833483027852, "own": 7.327066708294749, "gap": 31.125358881032138}