{"num_clients": 119, "paper": 13.692700204526556, "own": 19.80415929122347, "gap": 44.63297228019771, "worst_case_distance": 83.23281909878533}