{"num_clients": 69, "paper": 9.139667133836271, "own": 12.136672449042132, "gap": 32.791186717408415, "worst_case_distance": 53.619629155753955}