{"num_clients": 56, "paper": 7.041347667216302, "own": 11.067812651436668, "gap": 57.183158317364736}