{"num_clients": 60, "paper": 7.114416305042164, "own": 9.7207498168318, "gap": 36.63453753672612, "worst_case_distance": 37.926875111817}