{"num_clients": 111, "paper": 11.816379763234124, "own": 17.617455594930483, "gap": 49.09351212412805}