{"num_clients": 73, "paper": 8.238042074005328, "own": 12.054348656860581, "gap": 46.325407767670804}