{"num_clients": 39, "paper": 5.572651547089502, "own": 7.805804425289991, "gap": 40.07343468957476, "worst_case_distance": 26.497863317204622}