{"num_clients": 14, "paper": 5.827888714452591, "own": 7.206750386612219, "gap": 23.659711770751322}