{"num_clients": 111, "paper": 11.5174488633527, "own": 16.61327576871193, "gap": 44.24440660269489}