{"num_clients": 59, "paper": 8.926312079421209, "own": 11.898119980961923, "gap": 33.29267311179882, "worst_case_distance": 40.453273774015464}