{"num_clients": 172, "paper": 17.31040472962186, "own": 23.985339760512613, "gap": 38.56024821573634, "worst_case_distance": 119.56584381552757}