{"num_clients": 117, "paper": 13.732366108145479, "own": 19.352259346785754, "gap": 40.92443497633509}