{"num_clients": 8, "paper": 1.5985624139549124, "own": 2.1276077801202264, "gap": 33.09507101799254}