{"num_clients": 6, "paper": 1.3647919736987175, "own": 1.6438368432668375, "gap": 20.445963556766934, "worst_case_distance": 4.462581829155036}