{"num_clients": 60, "paper": 6.733636522935315, "own": 11.040504991046008, "gap": 63.96051306661932, "worst_case_distance": 41.44664840530293}