{"num_clients": 148, "paper": 16.08131832290188, "own": 23.8466459016518, "gap": 48.287879282204685}