{"num_clients": 161, "paper": 15.648143473893771, "own": 21.50615903080868, "gap": 37.43585024439477, "worst_case_distance": 115.84806648708667}