{"num_clients": 210, "paper": 21.27614777195363, "own": 28.35751549013782, "gap": 33.28312904236781}