{"num_clients": 111, "paper": 10.73652659076366, "own": 14.241966717581224, "gap": 32.64966651163701}