{"num_clients": 166, "paper": 16.48357236104549, "own": 23.39977968645109, "gap": 41.95818220660836, "worst_case_distance": 114.42755228283843}