{"num_clients": 92, "paper": 9.91399260586165, "own": 15.133257794289388, "gap": 52.64544160888165, "worst_case_distance": 62.01468944011847}