{"num_clients": 61, "paper": 6.7610141972863635, "own": 10.234397753553907, "gap": 51.37370599904432, "worst_case_distance": 40.99163370399553}