{"num_clients": 180, "paper": 18.690929484835024, "own": 24.92906980656527, "gap": 33.37522795103149}