{"num_clients": 80, "paper": 8.4970770963681, "own": 12.048359839983041, "gap": 41.79416878696867}