{"num_clients": 21, "paper": 3.432024780177696, "own": 4.719989619206428, "gap": 37.52784206185269, "worst_case_distance": 17.968565854146924}