{"num_clients": 196, "paper": 19.701989748386936, "own": 28.170700430896794, "gap": 42.984037605659694}