{"num_clients": 189, "paper": 17.80401701869771, "own": 26.39244306263717, "gap": 48.238698238267965, "worst_case_distance": 127.54218071244304}