{"num_clients": 203, "paper": 20.41562388470593, "own": 29.94419139983205, "gap": 46.67291858890636}