{"num_clients": 76, "paper": 8.527201810955052, "own": 11.387323680189262, "gap": 33.54115374119277, "worst_case_distance": 50.08494591065329}