{"num_clients": 52, "paper": 5.871299201565303, "own": 7.993238910510286, "gap": 36.140888687452154, "worst_case_distance": 36.554233837675845}