{"num_clients": 23, "paper": 3.7575453599711124, "own": 5.386820447769967, "gap": 43.3600910092907, "worst_case_distance": 16.15845117679828}