{"num_clients": 17, "paper": 3.147744485205595, "own": 4.611446866625183, "gap": 46.50003798907414, "worst_case_distance": 11.272564703480551}