{"num_clients": 132, "paper": 14.982689425773762, "own": 22.205891160634476, "gap": 48.21031478123749}