{"num_clients": 14, "paper": 2.627690981602323, "own": 4.564366062672297, "gap": 73.70254320730749}