{"num_clients": 157, "paper": 15.208868393224474, "own": 22.677794406839542, "gap": 49.109018636406}