{"num_clients": 7, "paper": 2.0866782783076463, "own": 2.7369696830129597, "gap": 31.163951408585987}