{"num_clients": 87, "paper": 10.492210442836509, "own": 15.143918090661167, "gap": 44.33486797818264}