{"num_clients": 72, "paper": 9.972116758423876, "own": 14.825148852918298, "gap": 48.666017577410095}