{"num_clients": 185, "paper": 18.454131961451683, "own": 26.788569958995012, "gap": 45.16299122035596, "worst_case_distance": 128.18499867470533}