{"num_clients": 75, "paper": 10.449112877011558, "own": 15.35355958452772, "gap": 46.93648891769682}