{"num_clients": 156, "paper": 15.775528986663668, "own": 24.028938861604093, "gap": 52.31780108240871}