{"num_clients": 180, "paper": 17.59701063745335, "own": 25.81638964171464, "gap": 46.708950591683006}