{"num_clients": 120, "paper": 12.175407118262418, "own": 17.623843312357707, "gap": 44.74951959448603}