{"num_clients": 11, "paper": 2.411942292581227, "own": 2.5851994709939206, "gap": 7.183305294890618}