{"num_clients": 149, "paper": 16.137901835993883, "own": 23.307431155828798, "gap": 44.42665095312477, "worst_case_distance": 103.26715789605593}