{"num_clients": 145, "paper": 15.273924422595694, "own": 20.480186685492022, "gap": 34.08595013861906}