{"num_clients": 154, "paper": 15.178872133417906, "own": 21.783409958533113, "gap": 43.5113871904528, "worst_case_distance": 99.75507955725364}