{"num_clients": 26, "paper": 3.32664037645319, "own": 5.6139407114737665, "gap": 68.7570664749539}