{"num_clients": 210, "paper": 20.17221435429972, "own": 29.785482518785688, "gap": 47.655988557532346}