{"num_clients": 72, "paper": 8.598178430518162, "own": 12.466697620751019, "gap": 44.992311121411824, "worst_case_distance": 49.14191843423107}