{"num_clients": 95, "paper": 11.70931611953328, "own": 16.56238924480541, "gap": 41.446255919048205}