{"num_clients": 35, "paper": 4.900961996159138, "own": 6.574537271122901, "gap": 34.14789333758019, "worst_case_distance": 25.289656534502292}