{"num_clients": 142, "paper": 14.50484300554773, "own": 22.240881048786562, "gap": 53.334172870950724}