{"num_clients": 77, "paper": 11.12662816358805, "own": 15.184040909813993, "gap": 36.46578897553032, "worst_case_distance": 54.4130794827503}