{"num_clients": 71, "paper": 8.185286342716218, "own": 12.832449647630275, "gap": 56.77459664009672, "worst_case_distance": 49.58106301617279}