{"num_clients": 173, "paper": 17.98322484352952, "own": 27.65615689256772, "gap": 53.78863987522562, "worst_case_distance": 120.61162306859373}