{"num_clients": 168, "paper": 17.920254508624964, "own": 26.726026680045283, "gap": 49.13865574387979}