{"num_clients": 5, "paper": 1.2241102759285682, "own": 1.5679004894045485, "gap": 28.0849054400097}