{"num_clients": 13, "paper": 2.6508156491541985, "own": 3.6387054538566224, "gap": 37.26738994534124, "worst_case_distance": 9.329881572743028}