{"num_clients": 132, "paper": 14.650562752837775, "own": 22.23691722304028, "gap": 51.782000447273255, "worst_case_distance": 90.01222407608552}