{"num_clients": 55, "paper": 7.77714792930823, "own": 10.820723847222633, "gap": 39.13485953436309}