{"num_clients": 151, "paper": 15.111034771692168, "own": 21.616628178209226, "gap": 43.05193856547884}