{"num_clients": 28, "paper": 4.216826950903388, "own": 6.141024863553367, "gap": 45.63141753392917}