{"num_clients": 119, "paper": 13.52747342039791, "own": 19.257026348100567, "gap": 42.35493761209786}