{"num_clients": 155, "paper": 16.318765187773728, "own": 22.454775195641506, "gap": 37.60094552046726}