{"num_clients": 145, "paper": 14.901561833284488, "own": 23.14869785959326, "gap": 55.344104990980014}