{"num_clients": 84, "paper": 11.504304061544499, "own": 17.438007452860333, "gap": 51.578116847158604}