{"num_clients": 19, "paper": 4.852389237333304, "own": 6.155749904282207, "gap": 26.860183781653557}