{"num_clients": 26, "paper": 3.5252542398249513, "own": 4.60456746536099, "gap": 30.616606693014937, "worst_case_distance": 16.171794630109485}