{"num_clients": 203, "paper": 19.214722039701286, "own": 27.603371491990636, "gap": 43.65740724719722, "worst_case_distance": 140.2976174856236}