{"num_clients": 88, "paper": 10.462525888903555, "own": 15.096547370274905, "gap": 44.29161304428546, "worst_case_distance": 65.3265595676491}