{"num_clients": 87, "paper": 9.529052395521681, "own": 12.112710176560494, "gap": 27.113480688311054, "worst_case_distance": 57.00401858785248}