{"num_clients": 151, "paper": 15.302078560304905, "own": 23.270588607586557, "gap": 52.07469047997668}