{"num_clients": 11, "paper": 2.802356904501376, "own": 3.1068467826239994, "gap": 10.865492458634618}