{"num_clients": 22, "paper": 4.275997713760507, "own": 5.840151958141866, "gap": 36.57986624613441}