{"num_clients": 13, "paper": 2.423520096363739, "own": 2.840300258927452, "gap": 17.19730581929366}