{"num_clients": 30, "paper": 4.4122813915311685, "own": 10.061554011931014, "gap": 128.03518450212468}