{"num_clients": 92, "paper": 9.53790187626636, "own": 12.190750278846316, "gap": 27.81375230102934}