{"num_clients": 112, "paper": 12.937578091355405, "own": 16.50135242932854, "gap": 27.545915570970504, "worst_case_distance": 78.94802592378127}