{"num_clients": 149, "paper": 16.295279830493584, "own": 23.813981255827652, "gap": 46.14036397990673}