{"num_clients": 195, "paper": 19.33528983188853, "own": 28.010350367570172, "gap": 44.866462365484615}