{"num_clients": 145, "paper": 15.516778260565463, "own": 22.420178527932023, "gap": 44.489907321231435}