{"num_clients": 177, "paper": 17.273075868304485, "own": 25.90069052893125, "gap": 49.948339985341875}