{"num_clients": 184, "paper": 16.3088698246922, "own": 23.85113328398407, "gap": 46.24638948232096}