{"num_clients": 157, "paper": 16.480524541622234, "own": 27.084670420153955, "gap": 64.34349739142415, "worst_case_distance": 107.96784306749862}