{"num_clients": 129, "paper": 15.923619623284985, "own": 22.98628819355216, "gap": 44.35341170759624, "worst_case_distance": 92.74364449249795}