{"num_clients": 108, "paper": 12.342573042870495, "own": 17.203370948177973, "gap": 39.38237098880486}