{"num_clients": 102, "paper": 11.302485808640716, "own": 16.156613297687432, "gap": 42.94743272613313}