{"num_clients": 170, "paper": 16.55305560556359, "own": 23.59226213559045, "gap": 42.525118611097625, "worst_case_distance": 115.48714862653496}