{"num_clients": 181, "paper": 17.825200529853447, "own": 26.389655844607212, "gap": 48.046894622083556}