{"num_clients": 7, "paper": 2.004699267500952, "own": 2.4058151912495793, "gap": 20.008782875880236, "worst_case_distance": 4.655203585328796}