{"num_clients": 149, "paper": 16.281594266176434, "own": 21.110536131520906, "gap": 29.658900635892692}