{"num_clients": 80, "paper": 9.514728014288021, "own": 12.446244579467992, "gap": 30.810303361039736, "worst_case_distance": 54.908938061798054}