{"num_clients": 181, "paper": 15.296289406122124, "own": 22.549402415122035, "gap": 47.41746718061541, "worst_case_distance": 121.36922889429924}