{"num_clients": 97, "paper": 10.688134446260142, "own": 14.531762474610257, "gap": 35.96163622076283}