{"num_clients": 48, "paper": 8.591218096764235, "own": 10.15499998042858, "gap": 18.202097374914985, "worst_case_distance": 34.56034715841545}