{"num_clients": 138, "paper": 13.697610472451327, "own": 22.009651906805512, "gap": 60.68241939768535}