{"num_clients": 95, "paper": 10.875191351206123, "own": 14.761750407103543, "gap": 35.73784525148955, "worst_case_distance": 67.95923147830027}