{"num_clients": 6, "paper": 1.5873557566811942, "own": 1.8465125776349884, "gap": 16.32632255642763, "worst_case_distance": 4.402819563473001}