{"num_clients": 139, "paper": 15.649842987479186, "own": 21.27197339759089, "gap": 35.92451639680825, "worst_case_distance": 97.71562358592689}