{"num_clients": 61, "paper": 8.387250247752485, "own": 11.28095857169076, "gap": 34.50127560834013, "worst_case_distance": 39.922504880273145}