{"num_clients": 24, "paper": 3.8595865238264473, "own": 5.097373505120214, "gap": 32.07045556959318, "worst_case_distance": 14.613885637777734}