{"num_clients": 32, "paper": 4.333473403208067, "own": 7.153940224087202, "gap": 65.08559205165874, "worst_case_distance": 18.39983850849548}