{"num_clients": 156, "paper": 15.92806997473751, "own": 21.248528481702962, "gap": 33.403033232550406}