{"num_clients": 78, "paper": 8.755595767940662, "own": 13.588872136277802, "gap": 55.202141538267234, "worst_case_distance": 52.2105995405319}