{"num_clients": 180, "paper": 18.02905699569281, "own": 26.358360977526534, "gap": 46.199332465495104, "worst_case_distance": 126.81956795826152}