{"num_clients": 57, "paper": 6.988614400555186, "own": 8.871693516877556, "gap": 26.94495658785776, "worst_case_distance": 39.84786597798715}