{"num_clients": 164, "paper": 17.739411157129872, "own": 25.8185236117034, "gap": 45.543295563823435}