{"num_clients": 195, "paper": 18.529340441043004, "own": 26.47768195988091, "gap": 42.89597648728019}