{"num_clients": 186, "paper": 16.4673998183249, "own": 25.367620017668845, "gap": 54.04751386093021, "worst_case_distance": 126.08303220155086}