{"num_clients": 213, "paper": 20.6065557207992, "own": 28.636264841129634, "gap": 38.96676974612336, "worst_case_distance": 146.54447775515425}