{"num_clients": 117, "paper": 12.221044063571522, "own": 15.910198250840972, "gap": 30.186898664951855, "worst_case_distance": 78.43136726629884}