{"num_clients": 12, "paper": 1.9430803654330422, "own": 2.376807013663096, "gap": 22.321601100291687}