{"num_clients": 206, "paper": 20.567107749752047, "own": 29.508998428619485, "gap": 43.476655967707664, "worst_case_distance": 143.03233537258754}