{"num_clients": 203, "paper": 19.463671613440077, "own": 27.802253618836808, "gap": 42.841772975859115}