{"num_clients": 39, "paper": 6.647167672111314, "own": 8.692418796168816, "gap": 30.768760845893883}