{"num_clients": 189, "paper": 18.67207532653323, "own": 28.135965269008913, "gap": 50.68472452565245}