{"num_clients": 210, "paper": 21.010760087252084, "own": 30.289251239193334, "gap": 44.160663933194954}