{"num_clients": 123, "paper": 13.6154772583655, "own": 18.64687094558043, "gap": 36.95348750352168}