{"num_clients": 30, "paper": 4.640029223105815, "own": 7.427008564179121, "gap": 60.06383164991868, "worst_case_distance": 21.083534245398642}