{"num_clients": 99, "paper": 11.234795949388957, "own": 17.096534798245887, "gap": 52.17485813950846}