{"num_clients": 159, "paper": 16.58813898157033, "own": 27.24067060337582, "gap": 64.21776206264371}