{"num_clients": 112, "paper": 11.077733714625328, "own": 16.542537835296272, "gap": 49.33142699987509}