{"num_clients": 111, "paper": 13.899004842737966, "own": 17.88451969204601, "gap": 28.674821646604553}