{"num_clients": 119, "paper": 13.994490072713432, "own": 20.034747090238216, "gap": 43.161679962188295, "worst_case_distance": 83.75455568928481}