{"num_clients": 86, "paper": 9.02195542581886, "own": 14.868953331284384, "gap": 64.80854348640095}