{"num_clients": 60, "paper": 7.128548817451525, "own": 11.412140638169422, "gap": 60.09065702448668, "worst_case_distance": 42.32862929164031}