{"num_clients": 62, "paper": 8.77173333008219, "own": 11.38481075212016, "gap": 29.78974991267187}