{"num_clients": 161, "paper": 16.504659168617756, "own": 23.576865037062312, "gap": 42.849754097871774, "worst_case_distance": 108.79101030325826}