{"num_clients": 29, "paper": 5.122506531693813, "own": 6.6785629464557275, "gap": 30.37685564936483}