{"num_clients": 210, "paper": 20.216553280119083, "own": 29.9866482420571, "gap": 48.32720408154791, "worst_case_distance": 144.06430457241572}