{"num_clients": 95, "paper": 9.523555829634175, "own": 15.1084993192288, "gap": 58.64346877892097}