{"num_clients": 214, "paper": 20.631751048790576, "own": 30.044137989540033, "gap": 45.6208826797627}