{"num_clients": 16, "paper": 2.94540637598251, "own": 3.5078456575823345, "gap": 19.095473079235425, "worst_case_distance": 11.20940603868282}