{"num_clients": 173, "paper": 15.66166787121339, "own": 23.57399404764069, "gap": 50.52032926180479, "worst_case_distance": 117.67195429537362}