{"num_clients": 116, "paper": 12.70449477287334, "own": 18.90795877957049, "gap": 48.828891802472896, "worst_case_distance": 79.42174711510795}