{"num_clients": 8, "paper": 2.560447686174862, "own": 2.9938028996257033, "gap": 16.924978229031694, "worst_case_distance": 6.004360844307336}