{"num_clients": 182, "paper": 16.48437944192752, "own": 25.213883841878285, "gap": 52.956220952713196}