{"num_clients": 199, "paper": 19.934453871197825, "own": 28.2113916873851, "gap": 41.520765352624764, "worst_case_distance": 137.03008112833567}