{"num_clients": 68, "paper": 8.76974788865747, "own": 14.958554994610871, "gap": 70.56995462729117}