{"num_clients": 209, "paper": 20.379298723745396, "own": 29.515494115866986, "gap": 44.830764375009366}