{"num_clients": 204, "paper": 19.33611298041818, "own": 29.324164085199765, "gap": 51.65490662418324}