{"num_clients": 34, "paper": 4.305157270185664, "own": 5.890364813898126, "gap": 36.82112973410836, "worst_case_distance": 23.145919045116145}