{"num_clients": 105, "paper": 9.546422424069794, "own": 14.553592579968708, "gap": 52.45074996130619, "worst_case_distance": 69.56285547639206}