{"num_clients": 7, "paper": 2.468668133890659, "own": 3.2130437082054435, "gap": 30.152921897267614}