{"num_clients": 156, "paper": 15.714901547610149, "own": 23.921327984699317, "gap": 52.220667194298564, "worst_case_distance": 107.46816242428937}