{"num_clients": 192, "paper": 19.163239324640603, "own": 27.8490191223969, "gap": 45.32521694590481}