{"num_clients": 93, "paper": 10.288878122205096, "own": 14.955162864699217, "gap": 45.35270694307778}