{"num_clients": 193, "paper": 19.424637185973225, "own": 27.49713901386348, "gap": 41.55805717555183, "worst_case_distance": 133.75695557611613}