{"num_clients": 137, "paper": 14.933134615304825, "own": 21.274295124346054, "gap": 42.4636934735875}