{"num_clients": 36, "paper": 5.902166236863939, "own": 8.404593953016029, "gap": 42.39846211925287, "worst_case_distance": 26.14587269762619}