{"num_clients": 199, "paper": 20.562241975477267, "own": 29.29327129926955, "gap": 42.461465701089374}