{"num_clients": 190, "paper": 18.66856223016109, "own": 25.669312288680075, "gap": 37.50021009763951}