{"num_clients": 11, "paper": 3.207363477433763, "own": 3.3324766218801627, "gap": 3.900809662723459}