{"num_clients": 56, "paper": 7.025092382108286, "own": 10.443901080034436, "gap": 48.66567600780984}