{"num_clients": 164, "paper": 15.673836565169115, "own": 23.728719293737672, "gap": 51.39062599688175}