{"num_clients": 84, "paper": 12.01495582828403, "own": 15.574792125623397, "gap": 29.62837606909272}