{"num_clients": 135, "paper": 15.556276378761318, "own": 21.35501886280034, "gap": 37.275902940088756, "worst_case_distance": 94.31882422221807}