{"num_clients": 70, "paper": 7.439616369044437, "own": 12.245927802506596, "gap": 64.60429133766603}