{"num_clients": 65, "paper": 6.481964426146087, "own": 9.740737128137253, "gap": 50.27446137850373}