{"num_clients": 204, "paper": 19.991368171439095, "own": 29.008423601188, "gap": 45.10474396960598, "worst_case_distance": 139.40955503936488}