{"num_clients": 105, "paper": 11.54307126146024, "own": 18.993427473306973, "gap": 64.54396791884864}