{"num_clients": 38, "paper": 6.27659580731915, "own": 8.842426684454846, "gap": 40.87933899047118}