{"num_clients": 72, "paper": 10.58601327674526, "own": 14.528842328346832, "gap": 37.24564619867754}