{"num_clients": 43, "paper": 5.252218017323225, "own": 8.642884261292942, "gap": 64.5568449898003}