{"num_clients": 149, "paper": 14.29479828520676, "own": 20.94493490377568, "gap": 46.5213743201325}