{"num_clients": 146, "paper": 15.608160942638468, "own": 22.843625119646685, "gap": 46.356929580616594}