{"num_clients": 142, "paper": 15.04822282015316, "own": 21.594976279354995, "gap": 43.50516029330833}