{"num_clients": 125, "paper": 14.559371061616407, "own": 20.417404923014434, "gap": 40.23548707293993, "worst_case_distance": 86.6500281747668}