{"num_clients": 185, "paper": 19.2876143771119, "own": 28.46108512506555, "gap": 47.56145870916812, "worst_case_distance": 127.77589697716257}