{"num_clients": 13, "paper": 2.525322675312199, "own": 3.3507184931209473, "gap": 32.68476642125373, "worst_case_distance": 9.913732565827788}