{"num_clients": 39, "paper": 4.620865242326817, "own": 7.54847588976866, "gap": 63.35633033885355, "worst_case_distance": 26.95901121986572}