{"num_clients": 37, "paper": 4.841995863252207, "own": 7.068058455016962, "gap": 45.97407049971294}