{"num_clients": 130, "paper": 14.554315240606662, "own": 22.118872259052345, "gap": 51.97466794824195}