{"num_clients": 48, "paper": 7.468525740944682, "own": 10.743057559516554, "gap": 43.84442033345235, "worst_case_distance": 34.70575235394829}