{"num_clients": 180, "paper": 17.733678391028015, "own": 23.571692890844727, "gap": 32.92049382586262}