{"num_clients": 55, "paper": 8.143086322966926, "own": 11.022808468140823, "gap": 35.364013482847035}