{"num_clients": 30, "paper": 5.268925620276216, "own": 5.583728904741459, "gap": 5.974714906845491}