{"num_clients": 23, "paper": 6.095785329358444, "own": 7.967785567929027, "gap": 30.709746774622772}