{"num_clients": 101, "paper": 11.167530627501376, "own": 13.414721863631145, "gap": 20.12254374835376}