{"num_clients": 66, "paper": 9.198343855632217, "own": 12.460487640966422, "gap": 35.464468784092794}