{"num_clients": 211, "paper": 20.63350222941538, "own": 28.854304309367425, "gap": 39.842010282831986}