{"num_clients": 113, "paper": 13.328706100070967, "own": 20.449695358196674, "gap": 53.42596051456032}