{"num_clients": 111, "paper": 12.939176421864476, "own": 20.639452088204475, "gap": 59.51132757822328}