{"num_clients": 33, "paper": 3.7711853213688875, "own": 5.9162297906464065, "gap": 56.8798477529844, "worst_case_distance": 21.216257742031853}