{"num_clients": 173, "paper": 17.499224779764422, "own": 30.524965266716176, "gap": 74.43610017521651, "worst_case_distance": 120.4246685161058}