{"num_clients": 42, "paper": 4.596623981226988, "own": 6.137831181171989, "gap": 33.52911193605188, "worst_case_distance": 27.008141574463963}