{"num_clients": 67, "paper": 10.349872685245934, "own": 13.62676075197548, "gap": 31.66114372982434}