{"num_clients": 199, "paper": 19.071543766917532, "own": 27.32416734475815, "gap": 43.2719221825977, "worst_case_distance": 136.77063833164817}