{"num_clients": 10, "paper": 2.0369446694674496, "own": 3.1201745397476217, "gap": 53.1791504461129}