{"num_clients": 155, "paper": 14.694555391169864, "own": 21.133559906675096, "gap": 43.81898154859798}