{"num_clients": 131, "paper": 14.969333880018288, "own": 20.623049464809394, "gap": 37.76865176571369}