{"num_clients": 48, "paper": 5.787728819385101, "own": 8.165576772381277, "gap": 41.08430141080459, "worst_case_distance": 31.443736835251983}