{"num_clients": 185, "paper": 18.895030882089635, "own": 27.194009719424308, "gap": 43.92148861318439, "worst_case_distance": 127.99057000749943}