{"num_clients": 115, "paper": 10.956449341444808, "own": 15.888325245865245, "gap": 45.01345053241563}