{"num_clients": 163, "paper": 15.748604156366314, "own": 22.83680312878118, "gap": 45.00842679158641, "worst_case_distance": 108.32822625834388}