{"num_clients": 118, "paper": 12.697260168942753, "own": 17.207681080427587, "gap": 35.5227887864914}