{"num_clients": 20, "paper": 3.2640584489857214, "own": 4.626297706619027, "gap": 41.7345240265722, "worst_case_distance": 13.216538470048645}