{"num_clients": 196, "paper": 19.291938211059332, "own": 29.839151202146947, "gap": 54.671608812438045}