{"num_clients": 155, "paper": 15.743774515911225, "own": 21.96582695289491, "gap": 39.520716145264004}