{"num_clients": 168, "paper": 17.842827897487467, "own": 23.209094001980468, "gap": 30.07519960021947, "worst_case_distance": 117.18907424983344}