{"num_clients": 52, "paper": 5.489046938239475, "own": 8.15166357837967, "gap": 48.50781328888014}