{"num_clients": 9, "paper": 3.810255423931859, "own": 4.471441123707307, "gap": 17.35279203652864}