{"num_clients": 78, "paper": 9.384076563030135, "own": 13.119754077056175, "gap": 39.808685371805865, "worst_case_distance": 54.79351625827199}