{"num_clients": 119, "paper": 10.704653073767105, "own": 15.347558978828186, "gap": 43.37278259338473, "worst_case_distance": 82.03142780651532}