{"num_clients": 95, "paper": 11.680429332706982, "own": 16.95534148665962, "gap": 45.160259128335966, "worst_case_distance": 62.95668872980144}