{"num_clients": 205, "paper": 20.248602165314235, "own": 28.959503046078428, "gap": 43.01976407875665}