{"num_clients": 114, "paper": 12.25398354609573, "own": 20.178565371015512, "gap": 64.6694341893796}