{"num_clients": 111, "paper": 11.61331522591336, "own": 16.83161294748863, "gap": 44.933747341426056, "worst_case_distance": 75.98810080419646}