{"num_clients": 159, "paper": 17.256185498687586, "own": 22.441896019439547, "gap": 30.05131418612972}