{"num_clients": 42, "paper": 6.359302571569499, "own": 9.868134618643637, "gap": 55.17636576628788}