{"num_clients": 69, "paper": 9.459935606798737, "own": 12.604878088152425, "gap": 33.244861403638495, "worst_case_distance": 46.62343333476888}