{"num_clients": 200, "paper": 19.53458093592829, "own": 29.369896248619646, "gap": 50.34822781686654}