{"num_clients": 165, "paper": 13.883750642806943, "own": 22.74623914334107, "gap": 63.83353265657872, "worst_case_distance": 110.70333197282032}