{"num_clients": 7, "paper": 1.6372129778734215, "own": 2.041150101161779, "gap": 24.672240493294417, "worst_case_distance": 4.3141740192647875}