{"num_clients": 188, "paper": 18.18355340643506, "own": 25.847805651190793, "gap": 42.14936472231767, "worst_case_distance": 128.0617740539287}