{"num_clients": 27, "paper": 4.897995317615811, "own": 6.148126034412779, "gap": 25.523313840273175}