{"num_clients": 121, "paper": 13.540097752572112, "own": 17.269623758080478, "gap": 27.544306353326697}