{"num_clients": 77, "paper": 8.669024931359226, "own": 11.25097169693719, "gap": 29.78358911205874, "worst_case_distance": 50.80554430827778}