{"num_clients": 120, "paper": 12.962713206202704, "own": 18.662161801919588, "gap": 43.968022010929616, "worst_case_distance": 80.50022596575347}