{"num_clients": 183, "paper": 18.73523651967254, "own": 28.078619932893297, "gap": 49.87064563294909, "worst_case_distance": 121.99641930463936}