{"num_clients": 161, "paper": 16.308925132021873, "own": 20.53215754574868, "gap": 25.895222275775076}