{"num_clients": 47, "paper": 5.371339472910197, "own": 8.079392497691881, "gap": 50.41671706730646}