{"num_clients": 14, "paper": 2.73883259878904, "own": 3.482902956905874, "gap": 27.167427408517785, "worst_case_distance": 11.707836960337533}