{"num_clients": 116, "paper": 11.618022329102077, "own": 15.327960158858877, "gap": 31.9326105998587}