{"num_clients": 100, "paper": 12.531963805127386, "own": 15.589377314111008, "gap": 24.396922593510027, "worst_case_distance": 71.506446378519}