{"num_clients": 75, "paper": 8.250938011212254, "own": 12.107503888398034, "gap": 46.740938690183675}