{"num_clients": 87, "paper": 10.087238857392421, "own": 14.004944215577309, "gap": 38.83823327246585, "worst_case_distance": 58.60907212847313}