{"num_clients": 84, "paper": 9.901062610301603, "own": 13.644206204197229, "gap": 37.80547342465097, "worst_case_distance": 54.55434803870096}