{"num_clients": 71, "paper": 8.268202082677817, "own": 11.093316251305541, "gap": 34.168421869446576, "worst_case_distance": 47.94409408018335}