{"num_clients": 107, "paper": 12.613896177884968, "own": 17.33631822748121, "gap": 37.438250505626684}