{"num_clients": 168, "paper": 16.712895951337956, "own": 23.907803825112236, "gap": 43.05003689799367, "worst_case_distance": 115.48531545152623}