{"num_clients": 181, "paper": 18.185203288250435, "own": 27.62271822996357, "gap": 51.896670013091196}