{"num_clients": 8, "paper": 2.413058901482267, "own": 2.616443887821653, "gap": 8.428513129723147}