{"num_clients": 89, "paper": 10.521826085661454, "own": 15.057340090321974, "gap": 43.10576859696684}