{"num_clients": 38, "paper": 5.215355100090841, "own": 7.39257557565535, "gap": 41.746351567251594}