{"num_clients": 55, "paper": 7.101130362933139, "own": 10.016636461410757, "gap": 41.05692966427053}