{"num_clients": 33, "paper": 4.210026574209431, "own": 6.09126456154964, "gap": 44.68470576562744}