{"num_clients": 65, "paper": 6.79371334069065, "own": 11.429159042152486, "gap": 68.23139966324507, "worst_case_distance": 43.2978089763143}