{"num_clients": 30, "paper": 4.108663644276591, "own": 5.454404504820334, "gap": 32.75373642275081, "worst_case_distance": 20.261558759543924}