{"num_clients": 101, "paper": 12.525736876257074, "own": 16.962262060156206, "gap": 35.419274951469745, "worst_case_distance": 69.18751967596485}