{"num_clients": 184, "paper": 18.24656615746242, "own": 27.41049197225023, "gap": 50.22274183375581}