{"num_clients": 71, "paper": 7.629665986109337, "own": 9.230865630155144, "gap": 20.986497272108238, "worst_case_distance": 46.05925932815283}