{"num_clients": 210, "paper": 21.26037743632269, "own": 30.43911142357696, "gap": 43.172958780932525, "worst_case_distance": 144.56983649738993}