{"num_clients": 80, "paper": 8.210091403028802, "own": 11.662064761862931, "gap": 42.04549242363677}