{"num_clients": 41, "paper": 6.2287428103373195, "own": 8.73945297627328, "gap": 40.30845778010206, "worst_case_distance": 27.831645208478175}