{"num_clients": 57, "paper": 7.717660388072918, "own": 10.922725346542123, "gap": 41.52897118176382}