{"num_clients": 201, "paper": 19.863990314496174, "own": 28.030881321283957, "gap": 41.11405048777041}