{"num_clients": 36, "paper": 4.492021060905558, "own": 5.738464182110914, "gap": 27.74793582455026, "worst_case_distance": 26.173385821167855}