{"num_clients": 58, "paper": 7.841146073617248, "own": 11.43733009775187, "gap": 45.86298980240326, "worst_case_distance": 38.36011294809559}