{"num_clients": 108, "paper": 10.03179112213001, "own": 15.514652719829618, "gap": 54.65486203759249}