{"num_clients": 40, "paper": 5.533277688295195, "own": 7.430736103164457, "gap": 34.29176198554151, "worst_case_distance": 28.19720375435405}