{"num_clients": 30, "paper": 6.0375220855084395, "own": 7.769412681422934, "gap": 28.685453591490194}