{"num_clients": 121, "paper": 12.78631955860741, "own": 18.2233924360815, "gap": 42.522579328263376, "worst_case_distance": 81.62647297631386}