{"num_clients": 50, "paper": 6.240332850024653, "own": 8.468893128322613, "gap": 35.71220208693124}