{"num_clients": 46, "paper": 6.1788176889695094, "own": 9.81860394773418, "gap": 58.907487515976655, "worst_case_distance": 33.19171274550955}