{"num_clients": 15, "paper": 3.906882708723365, "own": 4.232670000830055, "gap": 8.338804013216627, "worst_case_distance": 10.616312168174115}