{"num_clients": 36, "paper": 5.64243488888895, "own": 7.274526332538061, "gap": 28.925303982913775}