{"num_clients": 25, "paper": 3.6772528609483075, "own": 3.980140798734726, "gap": 8.236799296644183, "worst_case_distance": 13.804950888714895}