{"num_clients": 66, "paper": 8.665470624111954, "own": 12.220212079018943, "gap": 41.02190878145504, "worst_case_distance": 46.53827807783555}