{"num_clients": 56, "paper": 6.831366269897714, "own": 9.946635718659461, "gap": 45.60243625772378}