{"num_clients": 80, "paper": 9.74949804624099, "own": 13.641413989361155, "gap": 39.91914173079638, "worst_case_distance": 54.74885446434199}