{"num_clients": 188, "paper": 18.993801878170085, "own": 27.315530825228286, "gap": 43.81286590454812}