{"num_clients": 48, "paper": 6.31039611577553, "own": 9.564211703368485, "gap": 51.56277875264681}