{"num_clients": 82, "paper": 9.5666246047197, "own": 14.106294270881117, "gap": 47.45320166448017}