{"num_clients": 203, "paper": 20.636902633480474, "own": 29.0034353175837, "gap": 40.541610495994206, "worst_case_distance": 140.83024022957838}