{"num_clients": 67, "paper": 8.62696404587604, "own": 12.720217049517744, "gap": 47.447201377852124, "worst_case_distance": 45.035480844828705}