{"num_clients": 201, "paper": 19.228031480664082, "own": 30.95144523004272, "gap": 60.97043143063203}