{"num_clients": 186, "paper": 20.550426306309717, "own": 27.43996185933768, "gap": 33.52502498166001}