{"num_clients": 170, "paper": 16.97045334091325, "own": 24.915317499777455, "gap": 46.8158628367948}