{"num_clients": 81, "paper": 9.465154194990303, "own": 14.259766587827603, "gap": 50.65540712876058}