{"num_clients": 112, "paper": 10.578566829766658, "own": 15.347961925282275, "gap": 45.08545601938425, "worst_case_distance": 74.29009241721785}