{"num_clients": 69, "paper": 10.283042680820904, "own": 13.303519606732236, "gap": 29.373377313165093}