{"num_clients": 140, "paper": 16.752450256260655, "own": 21.19560953281606, "gap": 26.522444231075546}