{"num_clients": 179, "paper": 18.08486615392165, "own": 24.99211360264646, "gap": 38.19352263896625, "worst_case_distance": 125.74697477274205}