{"num_clients": 205, "paper": 20.469075345736, "own": 27.61420313513929, "gap": 34.90693970644707, "worst_case_distance": 142.58886776572905}