{"num_clients": 109, "paper": 10.807221057382458, "own": 14.944250417158912, "gap": 38.280232613086326, "worst_case_distance": 72.10969264822111}