{"num_clients": 34, "paper": 4.333947406569586, "own": 7.021363848014689, "gap": 62.008515317269406, "worst_case_distance": 22.019310699021993}