{"num_clients": 102, "paper": 10.768845564151759, "own": 15.247351564452437, "gap": 41.58761469482957, "worst_case_distance": 71.58795182760691}