{"num_clients": 30, "paper": 4.321161587466903, "own": 5.58387341349671, "gap": 29.221583143110806}