{"num_clients": 37, "paper": 4.880487777540981, "own": 5.371216459174753, "gap": 10.054910574553745}