{"num_clients": 179, "paper": 18.61429778816023, "own": 25.916821861320496, "gap": 39.23072552221172, "worst_case_distance": 124.10302786929716}