{"num_clients": 111, "paper": 12.359771259469046, "own": 17.70941708140969, "gap": 43.28272513815483}