{"num_clients": 169, "paper": 16.920687336360796, "own": 27.779153376357797, "gap": 64.17272433527737}