{"num_clients": 188, "paper": 17.08750518923126, "own": 25.21668433057846, "gap": 47.5738210541718, "worst_case_distance": 127.19787342490487}