{"num_clients": 164, "paper": 16.67954238104576, "own": 23.374217185866154, "gap": 40.13704124417745}