{"num_clients": 86, "paper": 9.723041707266278, "own": 13.177893183663137, "gap": 35.53262014514409, "worst_case_distance": 58.1168325708396}