{"num_clients": 93, "paper": 11.814644843186462, "own": 15.979265085059973, "gap": 35.2496439558677}