{"num_clients": 105, "paper": 10.753595860931233, "own": 15.284318642012455, "gap": 42.132165274517504}