{"num_clients": 109, "paper": 12.10280440455055, "own": 18.952240378327737, "gap": 56.59379218920417}