{"num_clients": 95, "paper": 10.104068195326432, "own": 14.78570161248238, "gap": 46.3341431060551}