{"num_clients": 168, "paper": 18.01808667351697, "own": 27.791653597822872, "gap": 54.243089743103056}