{"num_clients": 192, "paper": 19.638675290531125, "own": 27.663624104456733, "gap": 40.86298436735636, "worst_case_distance": 131.8718029429984}