{"num_clients": 20, "paper": 3.2298538929329412, "own": 3.9312231850890624, "gap": 21.715201845221156}