{"num_clients": 198, "paper": 18.69957069818652, "own": 28.197595132004775, "gap": 50.79274057740466, "worst_case_distance": 138.41944279227488}