{"num_clients": 193, "paper": 18.731657687753255, "own": 26.584163732251053, "gap": 41.9210417753457}