{"num_clients": 120, "paper": 13.512180424044887, "own": 19.702710594995626, "gap": 45.8144427966245}