{"num_clients": 159, "paper": 14.41259355697985, "own": 22.06993810469136, "gap": 53.12953922858075}