{"num_clients": 205, "paper": 20.363454887777667, "own": 29.259536291995197, "gap": 43.68650336224154, "worst_case_distance": 140.8279402310226}