{"num_clients": 49, "paper": 6.014356514252648, "own": 10.473524583242575, "gap": 74.1420642162253, "worst_case_distance": 30.453159162120066}