{"num_clients": 95, "paper": 11.116032763360831, "own": 16.628662901064732, "gap": 49.591704658103296, "worst_case_distance": 63.98105624008128}