{"num_clients": 28, "paper": 3.95332774925878, "own": 5.778919511435444, "gap": 46.17860895846415}