{"num_clients": 40, "paper": 5.105568701399733, "own": 10.88071864340952, "gap": 113.11472393714892}