{"num_clients": 190, "paper": 18.15336253907408, "own": 24.271342111222005, "gap": 33.70163273597011}