{"num_clients": 8, "paper": 2.121700520038162, "own": 2.479376277804827, "gap": 16.857975684533997}