{"num_clients": 139, "paper": 12.853415308669593, "own": 19.754857935145253, "gap": 53.69345392442626, "worst_case_distance": 96.07687125573902}