{"num_clients": 207, "paper": 19.483426453499742, "own": 27.941164958672797, "gap": 43.40991316572973}