{"num_clients": 166, "paper": 16.851539349587025, "own": 24.246625370189165, "gap": 43.883741818419495}