{"num_clients": 77, "paper": 10.88146114656147, "own": 15.617990382044596, "gap": 43.52843034301384, "worst_case_distance": 56.796638322313854}