{"num_clients": 69, "paper": 7.026452558382044, "own": 10.035506054683083, "gap": 42.824646879760955, "worst_case_distance": 45.30338873173743}