{"num_clients": 107, "paper": 11.931614013758356, "own": 16.544611551505714, "gap": 38.661974251162555}