{"num_clients": 41, "paper": 5.035027201263129, "own": 6.793063684503329, "gap": 34.91612682448198, "worst_case_distance": 24.63609883886144}