{"num_clients": 29, "paper": 2.962243082059148, "own": 6.854255146274524, "gap": 131.38732900710895}