{"num_clients": 40, "paper": 5.715244384049344, "own": 8.478623241005916, "gap": 48.3510182813683}