{"num_clients": 89, "paper": 10.163791307885276, "own": 15.211582311357338, "gap": 49.66444952048439}