{"num_clients": 206, "paper": 20.57719487534432, "own": 28.78079255453502, "gap": 39.867424733486324}