{"num_clients": 88, "paper": 10.900982804924269, "own": 13.0983232750727, "gap": 20.157269390020804}