{"num_clients": 152, "paper": 15.873610422694556, "own": 21.66056297121149, "gap": 36.456435520449126}