{"num_clients": 64, "paper": 9.500106941952412, "own": 13.433736397771737, "gap": 41.4061597396177, "worst_case_distance": 47.02716927163107}