{"num_clients": 48, "paper": 8.550649618960344, "own": 12.654259984455598, "gap": 47.99179651094396, "worst_case_distance": 35.459197731771795}