{"num_clients": 179, "paper": 17.515579586362605, "own": 26.27067887960425, "gap": 49.98463938959947}