{"num_clients": 114, "paper": 12.795560928670733, "own": 18.0752366368398, "gap": 41.26177615503368}