{"num_clients": 64, "paper": 8.331433653665263, "own": 11.296757366488187, "gap": 35.59199816130545}