{"num_clients": 8, "paper": 1.8999541717925126, "own": 2.800197086431547, "gap": 47.38234890106323, "worst_case_distance": 4.888544255669866}