{"num_clients": 172, "paper": 18.237776953196665, "own": 25.60118304856299, "gap": 40.37447170377686, "worst_case_distance": 115.95611267078814}