{"num_clients": 186, "paper": 17.669976685925153, "own": 26.154527295390558, "gap": 48.01676176643566, "worst_case_distance": 128.4837139932138}