{"num_clients": 130, "paper": 12.041847502853182, "own": 17.637617597301688, "gap": 46.46936521262746, "worst_case_distance": 85.05443547712579}