{"num_clients": 174, "paper": 18.217053943318465, "own": 24.45589857161547, "gap": 34.2472753701498}