{"num_clients": 17, "paper": 3.6675461263766307, "own": 4.5251320424657475, "gap": 23.38309830437968}