{"num_clients": 152, "paper": 14.969231920075563, "own": 21.4755421725544, "gap": 43.46455641289839, "worst_case_distance": 106.25548369859101}