{"num_clients": 68, "paper": 8.724718557098464, "own": 11.210710297154684, "gap": 28.49366112828484}