{"num_clients": 14, "paper": 3.021788749680286, "own": 3.05459178876643, "gap": 1.0855503744136463}