{"num_clients": 91, "paper": 11.065990252817908, "own": 16.307012253016794, "gap": 47.36152735056207, "worst_case_distance": 64.34792087655163}