{"num_clients": 205, "paper": 19.807010574480035, "own": 27.856708295864795, "gap": 40.64064938581009, "worst_case_distance": 141.04411756314832}