{"num_clients": 55, "paper": 6.435334467328875, "own": 9.729224087584427, "gap": 51.18443550957736, "worst_case_distance": 36.31258969234987}