{"num_clients": 75, "paper": 9.198947276768747, "own": 14.993915106573844, "gap": 62.99598916541087, "worst_case_distance": 52.962568629180666}