{"num_clients": 176, "paper": 16.635567412038544, "own": 25.1345435479351, "gap": 51.089186953407804}