{"num_clients": 165, "paper": 17.107623859868596, "own": 24.93030663939495, "gap": 45.72629632030289}