{"num_clients": 53, "paper": 7.255009423497823, "own": 8.873273735961016, "gap": 22.305474989762143}