{"num_clients": 42, "paper": 5.486715656783938, "own": 12.585717901135357, "gap": 129.38527688370368}