{"num_clients": 86, "paper": 8.346816947600953, "own": 12.258729690262953, "gap": 46.867120331258306, "worst_case_distance": 59.24380597720958}