{"num_clients": 135, "paper": 13.727483152318634, "own": 18.816931472412286, "gap": 37.074883018406915, "worst_case_distance": 91.82026596512127}