{"num_clients": 210, "paper": 20.148404765035167, "own": 28.311981007755715, "gap": 40.51723368634788}