{"num_clients": 105, "paper": 11.43174720399541, "own": 15.99933375527024, "gap": 39.95527953660882}