{"num_clients": 25, "paper": 3.658926612896652, "own": 4.925678752928517, "gap": 34.62086764918795}