{"num_clients": 108, "paper": 12.337861223477997, "own": 17.216750999643416, "gap": 39.54404809547758, "worst_case_distance": 75.40360864266191}