{"num_clients": 124, "paper": 11.010039675396799, "own": 16.77887227611226, "gap": 52.396110920531754}