{"num_clients": 189, "paper": 19.73677056743555, "own": 26.705334733916267, "gap": 35.30751975188087, "worst_case_distance": 131.7625779790636}