{"num_clients": 37, "paper": 5.232632429649459, "own": 5.600394193846955, "gap": 7.028236153444722}