{"num_clients": 17, "paper": 3.005877420696655, "own": 4.060245636989513, "gap": 35.07688666986601}