{"num_clients": 88, "paper": 10.864566662092278, "own": 16.322172985823023, "gap": 50.233078717929544}