{"num_clients": 102, "paper": 12.241095994617725, "own": 17.602593329804684, "gap": 43.7991609374222}