{"num_clients": 76, "paper": 9.075152430832139, "own": 12.133727926242141, "gap": 33.70274514639253, "worst_case_distance": 52.717041473558965}