{"num_clients": 147, "paper": 14.41672644823218, "own": 20.518090436098348, "gap": 42.3214244216608, "worst_case_distance": 99.92924214434233}