{"num_clients": 82, "paper": 10.115951811824917, "own": 14.264459438240703, "gap": 41.00956295152018, "worst_case_distance": 58.67310123333945}