{"num_clients": 172, "paper": 17.505826531641492, "own": 24.96201886475675, "gap": 42.59263234237076}