{"num_clients": 173, "paper": 17.94231814771887, "own": 26.29582182448671, "gap": 46.557549632068465}