{"num_clients": 135, "paper": 13.285293174700053, "own": 17.618324423707236, "gap": 32.61524749230844, "worst_case_distance": 95.46743117563798}