{"num_clients": 150, "paper": 15.222014708134662, "own": 20.464241132745556, "gap": 34.43845328706352, "worst_case_distance": 104.51427113781061}