{"num_clients": 134, "paper": 12.217722143549253, "own": 17.908251125111285, "gap": 46.57602222986004, "worst_case_distance": 91.22107669224935}