{"num_clients": 49, "paper": 7.080498631558398, "own": 9.84471029729788, "gap": 39.03978815021798}