{"num_clients": 137, "paper": 12.772321959982609, "own": 19.149645484475528, "gap": 49.930807761297636, "worst_case_distance": 89.17592446817271}