{"num_clients": 206, "paper": 19.203419383169695, "own": 27.322135072139442, "gap": 42.27744823448041}