{"num_clients": 159, "paper": 17.136631592374076, "own": 28.04142286008933, "gap": 63.63439167687985}