{"num_clients": 120, "paper": 11.972374355019074, "own": 18.91031103059042, "gap": 57.949546763569224, "worst_case_distance": 84.62533256867457}