{"num_clients": 181, "paper": 17.60775328072064, "own": 25.362819437452373, "gap": 44.043473537438935}