{"num_clients": 85, "paper": 8.592603586376589, "own": 11.823351204136028, "gap": 37.59916985908356}