{"num_clients": 131, "paper": 15.020307196641129, "own": 21.4273752612242, "gap": 42.65603879270745}