{"num_clients": 67, "paper": 8.44575524322334, "own": 10.83977769395162, "gap": 28.345865843663674, "worst_case_distance": 45.59308210679476}