{"num_clients": 97, "paper": 9.568987461643001, "own": 13.112568652397442, "gap": 37.03193472620568}