{"num_clients": 185, "paper": 18.515101909207395, "own": 25.76936003667312, "gap": 39.180222518020535}