{"num_clients": 139, "paper": 14.166714361000622, "own": 18.281648894799133, "gap": 29.046498919512807, "worst_case_distance": 93.79146100770379}