{"num_clients": 143, "paper": 13.766798013538148, "own": 20.086849060371595, "gap": 45.90792311050371, "worst_case_distance": 98.67795253851216}