{"num_clients": 44, "paper": 5.327201357777598, "own": 7.216158104005471, "gap": 35.458707478177764, "worst_case_distance": 31.73905793574081}