{"num_clients": 15, "paper": 2.617915381125842, "own": 3.6966382382587355, "gap": 41.20541347172902}