{"num_clients": 52, "paper": 9.10610171258171, "own": 12.702376029998241, "gap": 39.49301721995522}