{"num_clients": 133, "paper": 14.870816294702376, "own": 20.76103359007654, "gap": 39.609239860440695}