{"num_clients": 67, "paper": 7.392041694737062, "own": 10.164371685862122, "gap": 37.504252622098775, "worst_case_distance": 45.92872131953935}