{"num_clients": 125, "paper": 11.126257153053297, "own": 16.602295655940548, "gap": 49.217256329407256, "worst_case_distance": 78.76482691876498}