{"num_clients": 99, "paper": 11.08386501070062, "own": 15.783849077471952, "gap": 42.40383712932139}