{"num_clients": 43, "paper": 5.277350845166491, "own": 8.590131805847342, "gap": 62.77355927008372, "worst_case_distance": 29.66606876489515}