{"num_clients": 132, "paper": 13.676471904560698, "own": 18.855327736806842, "gap": 37.86689921484172, "worst_case_distance": 91.09605967149142}