{"num_clients": 36, "paper": 5.438579884656566, "own": 7.904452231696633, "gap": 45.34037192313451, "worst_case_distance": 23.633691737451816}