{"num_clients": 41, "paper": 4.708625461359361, "own": 8.408819087364098, "gap": 78.58330751447167}