{"num_clients": 14, "paper": 2.5926799608195368, "own": 3.374999632486729, "gap": 30.17417049113551}