{"num_clients": 208, "paper": 21.2162405341412, "own": 28.8800834336518, "gap": 36.12253022479612, "worst_case_distance": 143.25150218698494}