{"num_clients": 204, "paper": 20.559931072586217, "own": 29.96964625773294, "gap": 45.767250638759485, "worst_case_distance": 138.60216762675293}