{"num_clients": 182, "paper": 17.27416466699394, "own": 26.199434268108437, "gap": 51.668313768990345, "worst_case_distance": 126.52710110100924}