{"num_clients": 109, "paper": 10.709740335360276, "own": 16.070489558630584, "gap": 50.05489447368541, "worst_case_distance": 75.9817459287774}