{"num_clients": 19, "paper": 3.7042012246011122, "own": 3.5748823266415863, "gap": -3.491141277657006, "worst_case_distance": 12.59038108747673}