{"num_clients": 83, "paper": 10.793387811894652, "own": 17.61526241526905, "gap": 63.20420170445908}