{"num_clients": 12, "paper": 3.284933767722741, "own": 4.260651384766334, "gap": 29.70280943350656, "worst_case_distance": 9.961478417875318}