{"num_clients": 178, "paper": 18.176390308213392, "own": 25.616935248458276, "gap": 40.935217686664195, "worst_case_distance": 120.47501592268863}