{"num_clients": 86, "paper": 10.402217201869066, "own": 13.976826366333702, "gap": 34.363915837311595, "worst_case_distance": 57.020810622761765}