{"num_clients": 49, "paper": 5.250528367131679, "own": 8.126489382952297, "gap": 54.77469722521911}