{"num_clients": 45, "paper": 6.197889301689755, "own": 7.079289536591189, "gap": 14.220974141327991, "worst_case_distance": 31.349172541298394}