{"num_clients": 74, "paper": 9.433476543597868, "own": 12.169945085300887, "gap": 29.008060062015552, "worst_case_distance": 55.37486128277676}