{"num_clients": 41, "paper": 6.999792853091909, "own": 8.702182559668131, "gap": 24.320572655578676, "worst_case_distance": 28.761618164960318}