{"num_clients": 42, "paper": 6.266791820776438, "own": 7.073557647895527, "gap": 12.873665668044044}