{"num_clients": 25, "paper": 3.968122361734717, "own": 5.277132936791775, "gap": 32.98816053859808, "worst_case_distance": 16.376428277840656}