{"num_clients": 214, "paper": 21.35775655002707, "own": 30.170708774231585, "gap": 41.26347354677262}