{"num_clients": 201, "paper": 17.62718463626724, "own": 27.96636824283644, "gap": 58.654764330866186}