{"num_clients": 206, "paper": 19.452160043571336, "own": 31.665343932012743, "gap": 62.78574647280723}