{"num_clients": 107, "paper": 13.108738352512017, "own": 20.588069098238016, "gap": 57.056068590252565}