{"num_clients": 152, "paper": 15.922650580113814, "own": 21.63359515649036, "gap": 35.86679584308084, "worst_case_distance": 107.62448794543592}