{"num_clients": 157, "paper": 17.359139765250323, "own": 21.846948132676992, "gap": 25.852711759429493}