{"num_clients": 169, "paper": 18.406500138356503, "own": 25.065188804595433, "gap": 36.17574561262289, "worst_case_distance": 114.61822287747634}