{"num_clients": 138, "paper": 14.768466095430483, "own": 21.051009632688633, "gap": 42.5402577130338}