{"num_clients": 137, "paper": 12.637831025227749, "own": 18.48148406675897, "gap": 46.2393667858517, "worst_case_distance": 93.42700064965297}