{"num_clients": 91, "paper": 11.222655763930497, "own": 16.3236650242104, "gap": 45.45278201149583}