{"num_clients": 30, "paper": 4.657119101356017, "own": 6.406899677758572, "gap": 37.572167220139804}