{"num_clients": 105, "paper": 10.95576360317533, "own": 14.6546537534638, "gap": 33.762047852295886, "worst_case_distance": 70.25430095254895}