{"num_clients": 193, "paper": 20.585336897756054, "own": 28.049279039555895, "gap": 36.2585377099826}