{"num_clients": 111, "paper": 12.401226004999398, "own": 16.89577072649696, "gap": 36.24274502928697, "worst_case_distance": 74.6085036664577}