{"num_clients": 51, "paper": 7.28522272436373, "own": 10.131773751582246, "gap": 39.07294443722207, "worst_case_distance": 37.17644006789602}