{"num_clients": 24, "paper": 3.162321997822904, "own": 4.6991702381688, "gap": 48.59872718223941, "worst_case_distance": 16.94858672947165}