{"num_clients": 91, "paper": 8.654920570908946, "own": 12.30333477493894, "gap": 42.15421937311707, "worst_case_distance": 60.70584900066183}