{"num_clients": 139, "paper": 15.542919800632072, "own": 21.017577363798992, "gap": 35.222838651874696}