{"num_clients": 122, "paper": 13.297556470535858, "own": 19.06723754594804, "gap": 43.389032324821386}