{"num_clients": 140, "paper": 16.027233739744048, "own": 21.63443891068419, "gap": 34.985483221820715, "worst_case_distance": 95.36021659352059}