{"num_clients": 194, "paper": 18.60162873065022, "own": 27.048830667262486, "gap": 45.4110877005822, "worst_case_distance": 132.46214587426692}