{"num_clients": 147, "paper": 15.622867429718035, "own": 22.005529207806394, "gap": 40.854611400895415}