{"num_clients": 194, "paper": 19.54544618949993, "own": 26.27292169708383, "gap": 34.419656846708314, "worst_case_distance": 131.36938018516372}