{"num_clients": 94, "paper": 10.986395417134935, "own": 15.742913986568357, "gap": 43.294623840089685}