{"num_clients": 16, "paper": 3.1477679763005395, "own": 4.588002424332943, "gap": 45.75414893587744}