{"num_clients": 193, "paper": 19.068141696078012, "own": 27.10965332782285, "gap": 42.172497770974914}