{"num_clients": 98, "paper": 10.91486530059111, "own": 14.527933144086234, "gap": 33.10226689924842, "worst_case_distance": 69.57751337598279}