{"num_clients": 194, "paper": 20.315175747641046, "own": 28.948073009217268, "gap": 42.49481948281277}