{"num_clients": 127, "paper": 15.862454913138032, "own": 21.249854573838643, "gap": 33.96321496389889, "worst_case_distance": 91.23588970034841}