{"num_clients": 27, "paper": 4.591271307009275, "own": 5.6079264279348795, "gap": 22.14321596228752, "worst_case_distance": 18.005054137465716}