{"num_clients": 96, "paper": 11.512628036942544, "own": 18.506159331120024, "gap": 60.74661034592741}