{"num_clients": 7, "paper": 1.6036397837847067, "own": 2.0856097904204867, "gap": 30.054754908754866}