{"num_clients": 50, "paper": 6.993580153001407, "own": 9.11975694833972, "gap": 30.401836381696867, "worst_case_distance": 32.54725798337732}