{"num_clients": 26, "paper": 4.8293838098590305, "own": 5.9817305482493, "gap": 23.861154626761927, "worst_case_distance": 20.532817901989773}