{"num_clients": 214, "paper": 21.935136135660912, "own": 28.968037137083915, "gap": 32.06226283678863}