{"num_clients": 55, "paper": 6.004341574351359, "own": 11.719086993408796, "gap": 95.17688739543092}