{"num_clients": 101, "paper": 10.184840019598397, "own": 13.622995240710381, "gap": 33.75757709002831, "worst_case_distance": 70.75803191258372}