{"num_clients": 22, "paper": 3.5650156243401687, "own": 4.882700797269785, "gap": 36.961553939149994}