{"num_clients": 113, "paper": 11.554767219882983, "own": 16.503556108190875, "gap": 42.82897953835203}