{"num_clients": 104, "paper": 11.33394885227991, "own": 16.479395861660592, "gap": 45.39853740689534, "worst_case_distance": 72.58108382387452}