{"num_clients": 175, "paper": 17.543158207993628, "own": 24.775645269007693, "gap": 41.22682458463236, "worst_case_distance": 120.82172500393084}