{"num_clients": 40, "paper": 3.976191094730269, "own": 6.491934357356238, "gap": 63.27017999613089}