{"num_clients": 76, "paper": 8.701593651627423, "own": 11.349029486177011, "gap": 30.424723798202756, "worst_case_distance": 47.241559473410675}