{"num_clients": 110, "paper": 13.571265694638385, "own": 20.935920595592872, "gap": 54.26652949447486}