{"num_clients": 10, "paper": 2.32117870817385, "own": 3.2310389015075938, "gap": 39.19819659424506, "worst_case_distance": 5.159502499098842}