{"num_clients": 206, "paper": 20.96782924933223, "own": 28.432222971175936, "gap": 35.59926796943669, "worst_case_distance": 142.64764601121922}