{"num_clients": 150, "paper": 15.918296421954743, "own": 22.60215279359466, "gap": 41.98851557018026, "worst_case_distance": 102.62508930286576}