{"num_clients": 54, "paper": 7.060050511151534, "own": 9.762776983778226, "gap": 38.28197076434034, "worst_case_distance": 35.601527191331}