{"num_clients": 188, "paper": 18.758952694751734, "own": 27.36826920605498, "gap": 45.89444118440529, "worst_case_distance": 131.40243333785907}