{"num_clients": 14, "paper": 2.7124355096257804, "own": 3.2625625862947025, "gap": 20.281664751720506, "worst_case_distance": 9.405391422632771}