{"num_clients": 182, "paper": 16.216140298183287, "own": 24.377882104369963, "gap": 50.33097676825753}