{"num_clients": 90, "paper": 9.624015257822453, "own": 13.696610193831154, "gap": 42.31700414957751}