{"num_clients": 194, "paper": 19.595194227483095, "own": 28.388637981744342, "gap": 44.87551208820408, "worst_case_distance": 132.42574500399107}