{"num_clients": 106, "paper": 11.453248713896704, "own": 15.812793988390624, "gap": 38.06383134947817, "worst_case_distance": 70.97014995230242}