{"num_clients": 11, "paper": 2.4439996615226134, "own": 3.924948967996013, "gap": 60.595315530885415, "worst_case_distance": 7.473921776438888}