{"num_clients": 166, "paper": 17.77762387768922, "own": 24.251411277499315, "gap": 36.415369367413874, "worst_case_distance": 113.49025991073684}