{"num_clients": 115, "paper": 13.116961665583352, "own": 18.126500619880986, "gap": 38.19130589854358}