{"num_clients": 139, "paper": 13.928452137385051, "own": 20.439297947209116, "gap": 46.744934366026555}