{"num_clients": 180, "paper": 18.832473627019233, "own": 24.821987403635198, "gap": 31.804179818538113, "worst_case_distance": 121.28449314735116}