{"num_clients": 22, "paper": 3.0400333154466046, "own": 4.649304310182867, "gap": 52.935965752725565}