{"num_clients": 206, "paper": 19.82176258134892, "own": 29.02048549935212, "gap": 46.407189472941425, "worst_case_distance": 142.04328981574906}