{"num_clients": 136, "paper": 14.73514165082706, "own": 22.676402655651977, "gap": 53.8933468914375, "worst_case_distance": 95.45618609146578}