{"num_clients": 140, "paper": 14.341347948353963, "own": 20.81812092162159, "gap": 45.16153569798158, "worst_case_distance": 94.62006018670846}