{"num_clients": 102, "paper": 11.086125896882447, "own": 15.283539312994455, "gap": 37.86185954547361}