{"num_clients": 192, "paper": 20.2942407433503, "own": 26.577534759639555, "gap": 30.960971123534463, "worst_case_distance": 131.71248105634325}