{"num_clients": 35, "paper": 6.216591544569083, "own": 7.453566094796365, "gap": 19.897954391227834, "worst_case_distance": 25.5690243993261}