{"num_clients": 137, "paper": 13.310282012226857, "own": 19.307996958634355, "gap": 45.06076536092911}