{"num_clients": 52, "paper": 5.366592426325761, "own": 8.729176508413577, "gap": 62.657713032066596}