{"num_clients": 213, "paper": 20.71617205353823, "own": 28.60780244865504, "gap": 38.09405702328561}