{"num_clients": 76, "paper": 8.51341582033917, "own": 11.066373224109062, "gap": 29.987462819221065}