{"num_clients": 153, "paper": 16.80743938301326, "own": 24.166607528674195, "gap": 43.785183322443565}