{"num_clients": 22, "paper": 4.744705459623258, "own": 7.4113420477071505, "gap": 56.202363050279416}