{"num_clients": 213, "paper": 21.86445504366523, "own": 29.784376213562602, "gap": 36.22281531408213, "worst_case_distance": 146.832382347179}