{"num_clients": 119, "paper": 11.271921530268397, "own": 16.686813927040767, "gap": 48.038769452322796}