{"num_clients": 124, "paper": 13.035927889290248, "own": 18.352552032061222, "gap": 40.78439362294173, "worst_case_distance": 77.00830320628334}