{"num_clients": 202, "paper": 20.53505640945868, "own": 29.049569952636777, "gap": 41.46330729949306, "worst_case_distance": 137.63315313423402}