{"num_clients": 119, "paper": 13.001697026271605, "own": 16.925687542327523, "gap": 30.18060264077058}