{"num_clients": 154, "paper": 14.390601018607985, "own": 21.8109700251907, "gap": 51.563996507079125}