{"num_clients": 141, "paper": 13.2413839484617, "own": 18.392274182665027, "gap": 38.899938663901715, "worst_case_distance": 91.61742592266815}