{"num_clients": 68, "paper": 7.858530567159841, "own": 10.43089834450153, "gap": 32.73344495332759, "worst_case_distance": 45.96132915985185}