{"num_clients": 7, "paper": 1.8171605943579985, "own": 2.4955732531181094, "gap": 37.333665547584346, "worst_case_distance": 5.3609178060983735}