{"num_clients": 150, "paper": 14.93266206026086, "own": 22.436957148877614, "gap": 50.254235034136045}