{"num_clients": 214, "paper": 20.75306130996662, "own": 30.23327689000899, "gap": 45.68104646560995}