{"num_clients": 17, "paper": 3.443631701701417, "own": 4.294212807073876, "gap": 24.70011833588961, "worst_case_distance": 11.81993790314378}