{"num_clients": 99, "paper": 11.560773445756606, "own": 14.826979181667635, "gap": 28.252484587092177, "worst_case_distance": 69.22338644486051}