{"num_clients": 162, "paper": 17.013864235911253, "own": 21.70471488039796, "gap": 27.57075394186881}