{"num_clients": 181, "paper": 18.3651688249466, "own": 25.87839153674264, "gap": 40.9101750352022}