{"num_clients": 119, "paper": 13.436362804149697, "own": 18.95755701869686, "gap": 41.09143445309464}