{"num_clients": 174, "paper": 17.61020584751479, "own": 25.52340033380954, "gap": 44.93527534439061}