{"num_clients": 156, "paper": 17.34958151298538, "own": 23.780560830515192, "gap": 37.06705728156332}