{"num_clients": 146, "paper": 15.65445727657529, "own": 21.24372568887609, "gap": 35.70400630026542, "worst_case_distance": 101.80955745689764}