{"num_clients": 30, "paper": 4.072572414995405, "own": 5.780788789976854, "gap": 41.94440763512799}