{"num_clients": 132, "paper": 14.68711624490208, "own": 20.734665255344, "gap": 41.17587761682648}