{"num_clients": 117, "paper": 12.702219542761023, "own": 17.965907166968528, "gap": 41.43911704948662}