{"num_clients": 23, "paper": 3.3921444446315685, "own": 4.025848931784819, "gap": 18.68153014993674, "worst_case_distance": 14.452150795998623}