{"num_clients": 36, "paper": 6.596815218261938, "own": 8.073783459818891, "gap": 22.38911039175795, "worst_case_distance": 24.98604363078996}