{"num_clients": 54, "paper": 7.368403029192129, "own": 11.387953974482851, "gap": 54.55118197750679}