{"num_clients": 204, "paper": 19.246139328460984, "own": 27.85924328122226, "gap": 44.75237244086823, "worst_case_distance": 140.92708089316568}