{"num_clients": 145, "paper": 14.894864049142784, "own": 21.129103709994958, "gap": 41.854961819614324}