{"num_clients": 77, "paper": 10.622822574359269, "own": 16.513943284210228, "gap": 55.457207052206556}