{"num_clients": 176, "paper": 17.261369707370893, "own": 25.19645230503408, "gap": 45.970179262626964, "worst_case_distance": 119.69076512115795}