{"num_clients": 128, "paper": 13.988423119285248, "own": 20.242626142023674, "gap": 44.70985020546041, "worst_case_distance": 87.39710769882537}