{"num_clients": 199, "paper": 19.841212530937067, "own": 28.830694162826564, "gap": 45.307118291650795}