{"num_clients": 28, "paper": 3.800959252834041, "own": 4.742052768089012, "gap": 24.75936869234472}