{"num_clients": 91, "paper": 9.562321827950122, "own": 13.516832706005152, "gap": 41.355132667635395, "worst_case_distance": 57.741322773150436}