{"num_clients": 33, "paper": 3.667022825875801, "own": 4.5748446633310795, "gap": 24.756372691475192, "worst_case_distance": 22.416701885957032}