{"num_clients": 133, "paper": 13.51749974603315, "own": 19.931529986179758, "gap": 47.44982696987932}