{"num_clients": 184, "paper": 17.065588982087537, "own": 25.92737853658749, "gap": 51.92782718370579}