{"num_clients": 71, "paper": 8.437732170210976, "own": 10.819726394406343, "gap": 28.2302658598822, "worst_case_distance": 47.54791026755624}