{"num_clients": 189, "paper": 19.73804289320489, "own": 26.15729657211768, "gap": 32.52223998926817}