{"num_clients": 120, "paper": 14.608310307995968, "own": 19.05584597973411, "gap": 30.44524368642243}