{"num_clients": 199, "paper": 19.381238431626095, "own": 27.95702798215063, "gap": 44.24789252130894, "worst_case_distance": 136.52793581276592}