{"num_clients": 108, "paper": 11.201126692373052, "own": 17.486967975072908, "gap": 56.11793755515633}