{"num_clients": 111, "paper": 12.813148697204255, "own": 16.523690028747197, "gap": 28.958856400008504}