{"num_clients": 54, "paper": 5.254528270242551, "own": 10.17991813031327, "gap": 93.73609973637771}