{"num_clients": 167, "paper": 17.628602497715214, "own": 26.760766001967234, "gap": 51.803105240109694}