{"num_clients": 37, "paper": 7.055415412672041, "own": 8.785408895164743, "gap": 24.52007970197625}