{"num_clients": 75, "paper": 7.126700408335461, "own": 10.506975484736387, "gap": 47.43113759135043, "worst_case_distance": 49.060342802115166}