{"num_clients": 118, "paper": 14.232124359097055, "own": 19.79974067204238, "gap": 39.12006508983708}