{"num_clients": 151, "paper": 16.676256698713388, "own": 23.10046051277574, "gap": 38.523056643509165}