{"num_clients": 66, "paper": 7.498080902416417, "own": 12.227943482195572, "gap": 63.08097553675176, "worst_case_distance": 47.32874075719156}