{"num_clients": 205, "paper": 19.1163594243717, "own": 29.271214327279495, "gap": 53.12128045657707}