{"num_clients": 146, "paper": 14.543251938149893, "own": 22.367224752672094, "gap": 53.79795968464478}