{"num_clients": 111, "paper": 11.652802416501222, "own": 15.408402565804353, "gap": 32.22915840386109}