{"num_clients": 146, "paper": 14.43602048692387, "own": 23.12201588864447, "gap": 60.16890464784505}