{"num_clients": 136, "paper": 13.207370437284498, "own": 19.613409078565322, "gap": 48.5035130323636}