{"num_clients": 199, "paper": 20.16298493520109, "own": 30.178704998063044, "gap": 49.673796290827134, "worst_case_distance": 136.02193485302692}