{"num_clients": 49, "paper": 6.94990927922188, "own": 9.415934126953163, "gap": 35.48283507964556}