{"num_clients": 30, "paper": 3.9172053332985484, "own": 5.791946038009939, "gap": 47.85913796182682, "worst_case_distance": 19.91000689903388}