{"num_clients": 54, "paper": 7.489838323340466, "own": 10.563618709929296, "gap": 41.039342291409085}