{"num_clients": 191, "paper": 18.444038403488406, "own": 26.182353751330087, "gap": 41.9556453882578, "worst_case_distance": 129.84954622053527}