{"num_clients": 152, "paper": 13.919730333954485, "own": 22.413551193841943, "gap": 61.02001013028555, "worst_case_distance": 104.67845335602398}