{"num_clients": 180, "paper": 17.191809195506146, "own": 24.76975423175576, "gap": 44.07881072941673}