{"num_clients": 38, "paper": 6.294924315167188, "own": 8.021692104684504, "gap": 27.431112799192636}