{"num_clients": 48, "paper": 5.570425674265542, "own": 6.685010587962538, "gap": 20.008972004530932, "worst_case_distance": 30.760064936824328}