{"num_clients": 125, "paper": 11.710273112712695, "own": 18.680422802453577, "gap": 59.52166634076257, "worst_case_distance": 81.59461963024758}