{"num_clients": 100, "paper": 11.949140824043253, "own": 18.02325430752957, "gap": 50.8330563086544, "worst_case_distance": 68.65599195442957}