{"num_clients": 203, "paper": 19.65029747335495, "own": 27.87793535406941, "gap": 41.87029683327097}