{"num_clients": 55, "paper": 8.314338901472107, "own": 11.65193285555699, "gap": 40.142625813508026, "worst_case_distance": 38.53305590497359}