{"num_clients": 154, "paper": 16.194658476880495, "own": 24.784197030938962, "gap": 53.039331248145174}