{"num_clients": 101, "paper": 12.95044156517535, "own": 18.021753903026962, "gap": 39.159377789007046}