{"num_clients": 59, "paper": 8.865909520278617, "own": 11.293583330979448, "gap": 27.38211804607431, "worst_case_distance": 41.10423441051934}