{"num_clients": 125, "paper": 13.772169566158162, "own": 21.12804411765028, "gap": 53.41115294984047}