{"num_clients": 10, "paper": 2.1767663168480684, "own": 2.6134436540090484, "gap": 20.060827557883364}