{"num_clients": 96, "paper": 7.845836311590721, "own": 12.321599257484527, "gap": 57.04634621654958, "worst_case_distance": 65.34930316525391}