{"num_clients": 48, "paper": 6.075820435274983, "own": 9.481512451770957, "gap": 56.053203888699784, "worst_case_distance": 33.54299565637026}