{"num_clients": 96, "paper": 10.399066057475288, "own": 14.210990351808606, "gap": 36.656410039756835}