{"num_clients": 78, "paper": 3.768783537998388, "own": 0.03183410199926584, "gap": -99.15532155990648}