{"num_clients": 102, "paper": 5.149537515997508, "own": 0.08082387399917934, "gap": -98.43046343971487}