{"num_clients": 214, "paper": 9.466388216998894, "own": 0.1557504730008077, "gap": -98.35470013028701}