{"num_clients": 100, "paper": 5.10589052099931, "own": 0.06747892000021238, "gap": -98.67841036303682}