{"num_clients": 86, "paper": 4.055371274000208, "own": 0.07481447199825197, "gap": -98.15517576706472}