{"num_clients": 178, "paper": 7.485783405000802, "own": 0.3312092619999021, "gap": -95.57548964376072}