{"num_clients": 186, "paper": 7.974561349001306, "own": 0.20138507100091374, "gap": -97.47465644582276}