{"num_clients": 136, "paper": 5.429121583001688, "own": 0.11386773200138123, "gap": -97.90264907019406}