{"num_clients": 91, "paper": 4.4864851710008224, "own": 0.06685215000106837, "gap": -98.50992152090062}