{"num_clients": 213, "paper": 10.308219225999892, "own": 0.35550793499987776, "gap": -96.55121871968731}