{"num_clients": 205, "paper": 9.487486717998763, "own": 0.4018894039982115, "gap": -95.76400562189157}