{"num_clients": 178, "paper": 8.510209074999693, "own": 0.18308711999998195, "gap": -97.84861783786447}