{"num_clients": 76, "paper": 3.9999904059986875, "own": 0.04829057100141654, "gap": -98.79273282933389}