{"num_clients": 102, "paper": 4.8710560850004185, "own": 0.06534060900048644, "gap": -98.65859460740573}