{"num_clients": 40, "paper": 3.6841323870030465, "own": 0.00906557599955704, "gap": -99.75392914675002}