{"num_clients": 9, "paper": 3.4736642210000355, "own": 0.0017627570005060988, "gap": -99.94925367311413}