{"num_clients": 25, "paper": 1.0661802, "own": 0.0007322000000000717, "gap": -99.93132492987581}