{"num_clients": 167, "paper": 5.950883763000093, "own": 0.22487486499994702, "gap": -96.22115178256182}