{"num_clients": 43, "paper": 3.5020841019995714, "own": 0.01136687700090988, "gap": -99.67542535616379}