{"num_clients": 46, "paper": 1.1567819, "own": 0.0013281000000000542, "gap": -99.88519011232799}