{"num_clients": 186, "paper": 7.761041022997233, "own": 0.18751863899888122, "gap": -97.58384682617664}