{"num_clients": 188, "paper": 6.630116668002302, "own": 0.2611033169996517, "gap": -96.06185938989934}