{"num_clients": 54, "paper": 3.9841310669999075, "own": 0.01442646000032255, "gap": -99.6379019726581}