{"num_clients": 80, "paper": 4.243710830000055, "own": 0.06209910500183469, "gap": -98.53667915912561}