{"num_clients": 134, "paper": 5.491527654998208, "own": 0.10969698500048253, "gap": -98.00243225761342}