{"num_clients": 85, "paper": 4.105386537998129, "own": 0.04648818300120183, "gap": -98.86762957468383}