{"num_clients": 106, "paper": 4.688578426997992, "own": 0.08334237799863331, "gap": -98.2224382230928}