{"num_clients": 45, "paper": 3.6248328239998955, "own": 0.013968593000754481, "gap": -99.61464173166087}