{"num_clients": 95, "paper": 3.889364727001521, "own": 0.08934725700237323, "gap": -97.70278018972895}