{"num_clients": 70, "paper": 4.345475684000121, "own": 0.05345671500072058, "gap": -98.76983053437517}