{"num_clients": 38, "paper": 3.414986517000216, "own": 0.009544929998810403, "gap": -99.72049875010356}