{"num_clients": 181, "paper": 6.249874122999245, "own": 0.19166511799994623, "gap": -96.9332963476076}