{"num_clients": 180, "paper": 7.527008597000531, "own": 0.2634793460019864, "gap": -96.49954769406027}