{"num_clients": 169, "paper": 6.881176017002872, "own": 0.1767233419996046, "gap": -97.43178576506494}