{"num_clients": 27, "paper": 3.5723087460028182, "own": 0.007387502999335993, "gap": -99.79320088142991}