{"num_clients": 55, "paper": 3.7029489509995983, "own": 0.028016157999445568, "gap": -99.24340955356993}