{"num_clients": 149, "paper": 6.799399788000301, "own": 0.20771771100044134, "gap": -96.94505813046874}