{"num_clients": 105, "paper": 4.084912156999053, "own": 0.06937392799954978, "gap": -98.30170330882918}