{"num_clients": 131, "paper": 4.525323580000986, "own": 0.10514338899884024, "gap": -97.6765553415118}