{"num_clients": 88, "paper": 4.315819417999592, "own": 0.04006407399992895, "gap": -99.07169253113702}