{"num_clients": 197, "paper": 9.325581681000585, "own": 0.466291118999834, "gap": -94.99987094692625}