{"num_clients": 213, "paper": 9.361971636000817, "own": 0.42965627500234405, "gap": -95.41062191055856}