{"num_clients": 51, "paper": 3.347093792002852, "own": 0.02260376399863162, "gap": -99.32467491491758}