{"num_clients": 88, "paper": 3.73191697600123, "own": 0.06127173899949412, "gap": -98.35816982549416}