{"num_clients": 168, "paper": 7.783617819000028, "own": 0.11112766499991267, "gap": -98.57228775122223}