{"num_clients": 159, "paper": 6.075192142998276, "own": 0.15658695599995553, "gap": -97.42251846008814}