{"num_clients": 163, "paper": 6.182272780002677, "own": 0.19966743800250697, "gap": -96.77032306551799}