{"num_clients": 135, "paper": 6.228825042999233, "own": 0.06753454499994405, "gap": -98.9157739295335}