{"num_clients": 35, "paper": 3.431873863002693, "own": 0.007612422999955015, "gap": -99.77818465060675}