{"num_clients": 83, "paper": 4.428663792001316, "own": 0.08867588700013584, "gap": -97.99768302212748}