{"num_clients": 195, "paper": 7.4899181599994336, "own": 0.21452576299998327, "gap": -97.13580631433763}