{"num_clients": 62, "paper": 3.8499904140007857, "own": 0.02954740600034711, "gap": -99.23253299818889}