{"num_clients": 143, "paper": 6.215566164999473, "own": 0.09118070700060343, "gap": -98.53302652437276}