{"num_clients": 145, "paper": 5.50081794200014, "own": 0.10939941099968564, "gap": -98.01121556551811}