{"num_clients": 43, "paper": 3.7525409770005353, "own": 0.01546671699907165, "gap": -99.58783349485408}