{"num_clients": 85, "paper": 2.1585415, "own": 0.0039807999999998955, "gap": -99.81557917695815}