{"num_clients": 137, "paper": 5.365310365999903, "own": 0.11492609299966716, "gap": -97.85797865994937}