{"num_clients": 122, "paper": 4.651516765999986, "own": 0.0890750830003526, "gap": -98.08503145358}