{"num_clients": 57, "paper": 3.6519441260006715, "own": 0.03017551400080265, "gap": -99.17371369989036}