{"num_clients": 26, "paper": 3.26657376899675, "own": 0.00442314799875021, "gap": -99.8645936595484}