{"num_clients": 137, "paper": 7.094265675998031, "own": 0.11474620000080904, "gap": -98.38255000247554}