{"num_clients": 181, "paper": 8.641478711999298, "own": 0.18173724799999036, "gap": -97.89691956600396}