{"num_clients": 108, "paper": 2.4028891, "own": 0.0053274999999999295, "gap": -99.77828772871791}