{"num_clients": 206, "paper": 9.028666283000348, "own": 0.2418054839999968, "gap": -97.32180283974743}