{"num_clients": 12, "paper": 3.143665087000045, "own": 0.001211230999615509, "gap": -99.96147073666897}