{"num_clients": 207, "paper": 7.345331561999046, "own": 0.22775270999773056, "gap": -96.89935426229081}