{"num_clients": 11, "paper": 3.2434446910001498, "own": 0.0019363130004421691, "gap": -99.94030072392432}