{"num_clients": 111, "paper": 4.969681008999942, "own": 0.11711074399954668, "gap": -97.64349575380265}