{"num_clients": 173, "paper": 7.66977391600085, "own": 0.2279054870014079, "gap": -97.02852405432778}