{"num_clients": 41, "paper": 3.7057202539981517, "own": 0.009744179998961044, "gap": -99.7370503078734}