{"num_clients": 202, "paper": 9.406043027000123, "own": 0.22462949200053117, "gap": -97.61185982930623}