{"num_clients": 10, "paper": 3.1281839050006965, "own": 0.000919979998798226, "gap": -99.97059060379003}