{"num_clients": 111, "paper": 4.6449610739982745, "own": 0.10339120099888532, "gap": -97.77412126061395}