{"num_clients": 61, "paper": 3.795124173997465, "own": 0.033223883001483046, "gap": -99.12456400691396}