{"num_clients": 66, "paper": 4.072322571000768, "own": 0.05921705599939742, "gap": -98.54586529021337}