{"num_clients": 33, "paper": 3.633083398999588, "own": 0.006228959999134531, "gap": -99.82854893997617}