{"num_clients": 23, "paper": 3.272618554001383, "own": 0.0038403630005632294, "gap": -99.88265167671717}