{"num_clients": 158, "paper": 5.96878691800157, "own": 0.20058247499764548, "gap": -96.63947670182867}