{"num_clients": 154, "paper": 6.452021234999847, "own": 0.15360582199991768, "gap": -97.61926043940056}