{"num_clients": 92, "paper": 4.159062713999447, "own": 0.05882130799909646, "gap": -98.58570759702413}