{"num_clients": 184, "paper": 7.213610703998711, "own": 0.19546723999883397, "gap": -97.29029957368671}