{"num_clients": 172, "paper": 8.71040358800019, "own": 0.11668755600021541, "gap": -98.66036567856662}