{"num_clients": 152, "paper": 3.7558784000000003, "own": 0.010637100000000288, "gap": -99.7167879556484}