{"num_clients": 108, "paper": 4.948508874000254, "own": 0.08698010499938391, "gap": -98.24229667534028}