{"num_clients": 198, "paper": 7.72381431300164, "own": 0.15561628700015717, "gap": -97.9852404434658}