{"num_clients": 83, "paper": 1.855426, "own": 0.004036499999999776, "gap": -99.78244888235909}