{"num_clients": 204, "paper": 7.932468991999485, "own": 0.22241885200128308, "gap": -97.19609553815326}