{"num_clients": 96, "paper": 4.479611415999898, "own": 0.03881174900016049, "gap": -99.13359116682452}