{"num_clients": 120, "paper": 5.6099420620003, "own": 0.1304691390005246, "gap": -97.67432287965548}