{"num_clients": 32, "paper": 3.2829691599999933, "own": 0.009653385999627062, "gap": -99.7059556295184}