{"num_clients": 55, "paper": 3.6045935459997054, "own": 0.024386589000641834, "gap": -99.32345800741652}