{"num_clients": 214, "paper": 8.776657632000024, "own": 0.15848328999982186, "gap": -98.19426373176519}