{"num_clients": 56, "paper": 1.4129034000000003, "own": 0.001597100000000129, "gap": -99.88696325594516}