{"num_clients": 205, "paper": 9.505036462000135, "own": 0.24295640099990123, "gap": -97.44391931613089}