{"num_clients": 184, "paper": 7.979146033998404, "own": 0.24408910000056494, "gap": -96.94091198531116}