{"num_clients": 191, "paper": 7.924645459999738, "own": 0.37597775800168165, "gap": -95.25558891057703}