{"num_clients": 40, "paper": 3.4348545630000444, "own": 0.008122344999719644, "gap": -99.76353161827541}