{"num_clients": 141, "paper": 5.506708264998451, "own": 0.13113094899745192, "gap": -97.61870535559434}