{"num_clients": 95, "paper": 4.238074531000166, "own": 0.06597935399986454, "gap": -98.44317617547198}