{"num_clients": 186, "paper": 7.118756428000779, "own": 0.276458337000804, "gap": -96.11647989649725}