{"num_clients": 71, "paper": 3.771031331998529, "own": 0.023926087000290863, "gap": -99.36552935009398}