{"num_clients": 149, "paper": 7.577305524999247, "own": 0.19243861100039794, "gap": -97.46032926393823}