{"num_clients": 147, "paper": 6.976047019998077, "own": 0.12474777500028722, "gap": -98.21176986561765}