{"num_clients": 58, "paper": 3.528727852000884, "own": 0.018189583999628667, "gap": -99.48452856772974}