{"num_clients": 28, "paper": 3.5265463319992705, "own": 0.010336494000512175, "gap": -99.70689470582818}