{"num_clients": 11, "paper": 3.156092990000616, "own": 0.0010340860026190057, "gap": -99.96723524921809}