{"num_clients": 22, "paper": 3.5041259019999416, "own": 0.007674974999645201, "gap": -99.78097319519071}