{"num_clients": 51, "paper": 3.9248023079999257, "own": 0.021954617001028964, "gap": -99.44061852602668}