{"num_clients": 107, "paper": 5.568141869999636, "own": 0.0780648559994006, "gap": -98.59800885426424}