{"num_clients": 195, "paper": 7.642501866001112, "own": 0.13239934200100834, "gap": -98.26759163003926}