{"num_clients": 138, "paper": 5.8781655019993195, "own": 0.07186665500012168, "gap": -98.77739653679915}