{"num_clients": 140, "paper": 5.597280055000738, "own": 0.11969307500112336, "gap": -97.86158502299368}