{"num_clients": 110, "paper": 5.549134032000438, "own": 0.1488584639992041, "gap": -97.31744695405129}