{"num_clients": 134, "paper": 5.282922022001003, "own": 0.12272846199994092, "gap": -97.67688295437956}