{"num_clients": 59, "paper": 1.3230331, "own": 0.002680100000000074, "gap": -99.79742759270346}