{"num_clients": 134, "paper": 5.251446275997296, "own": 0.11798379700121586, "gap": -97.75330850206956}