{"num_clients": 118, "paper": 5.063637543000368, "own": 0.05969456299862941, "gap": -98.82111303402536}