{"num_clients": 127, "paper": 4.870682996000141, "own": 0.05214470699957019, "gap": -98.92941694127103}