{"num_clients": 39, "paper": 3.5180463780016, "own": 0.008916446000512224, "gap": -99.74655120932269}