{"num_clients": 119, "paper": 3.3905601, "own": 0.007105700000000326, "gap": -99.7904269563014}