{"num_clients": 206, "paper": 8.6454878, "own": 0.019997000000000043, "gap": -99.76870015362233}