{"num_clients": 173, "paper": 6.77660544399987, "own": 0.11846864799736068, "gap": -98.25179953331569}