{"num_clients": 82, "paper": 4.27576821799812, "own": 0.04944336299740826, "gap": -98.84363790372723}