{"num_clients": 56, "paper": 3.8894176820031134, "own": 0.01699333200303954, "gap": -99.56308801490593}