{"num_clients": 39, "paper": 3.4128465819994744, "own": 0.00845810399914626, "gap": -99.75216864292238}