{"num_clients": 35, "paper": 3.3665004779995797, "own": 0.013297821000378462, "gap": -99.60499571922591}