{"num_clients": 181, "paper": 6.987696846999825, "own": 0.32618346300023404, "gap": -95.33203185338127}