{"num_clients": 64, "paper": 4.078437506000228, "own": 0.031484302000535536, "gap": -99.2280302945867}