{"num_clients": 157, "paper": 4.3570277, "own": 0.012726899999999652, "gap": -99.70789949304202}