{"num_clients": 43, "paper": 3.901110174000678, "own": 0.015693627000473498, "gap": -99.59771382246353}