{"num_clients": 54, "paper": 3.6839080699992337, "own": 0.015390877000754699, "gap": -99.58221332594877}