{"num_clients": 188, "paper": 8.002493692999451, "own": 0.2066848040003606, "gap": -97.41724502474563}