{"num_clients": 36, "paper": 3.534864077000748, "own": 0.010405700999399414, "gap": -99.70562655953017}