{"num_clients": 40, "paper": 3.2205159340001046, "own": 0.018553361000158475, "gap": -99.42390097175785}