{"num_clients": 111, "paper": 5.12355917000059, "own": 0.080777245999343, "gap": -98.42341537749171}