{"num_clients": 88, "paper": 4.60218115600037, "own": 0.057604417000220565, "gap": -98.74832356555294}