{"num_clients": 131, "paper": 5.696231485999306, "own": 0.10811243500029377, "gap": -98.10203578864338}