{"num_clients": 124, "paper": 4.649843945999237, "own": 0.103485156001625, "gap": -97.77443808430034}