{"num_clients": 10, "paper": 3.239085717001217, "own": 0.0009372280001116451, "gap": -99.97106504483064}