{"num_clients": 17, "paper": 3.364913670997339, "own": 0.0025966319990402553, "gap": -99.9228321361876}