{"num_clients": 61, "paper": 3.978845311999976, "own": 0.028405449998899712, "gap": -99.28608810417357}