{"num_clients": 186, "paper": 6.991665346999071, "own": 0.19777771900044172, "gap": -97.1712359046857}