{"num_clients": 110, "paper": 4.5736425909999525, "own": 0.07947627600151463, "gap": -98.26229806067688}