{"num_clients": 13, "paper": 3.208694680000008, "own": 0.002377810000325553, "gap": -99.92589478783547}