{"num_clients": 173, "paper": 6.029042060999927, "own": 0.22888274500110128, "gap": -96.2036631576735}