{"num_clients": 139, "paper": 5.866486456998246, "own": 0.07518392899874016, "gap": -98.71841638858551}