{"num_clients": 42, "paper": 3.396324958999685, "own": 0.009912794999763719, "gap": -99.70813172710413}