{"num_clients": 186, "paper": 9.335487542997726, "own": 0.3555427119972592, "gap": -96.19149283463035}