{"num_clients": 22, "paper": 3.407895962999646, "own": 0.007722009000644903, "gap": -99.7734083116244}