{"num_clients": 91, "paper": 4.640273217999493, "own": 0.06438034900020284, "gap": -98.61257417450176}