{"num_clients": 209, "paper": 8.253457198999968, "own": 0.15484453099998063, "gap": -98.12388278915722}