{"num_clients": 42, "paper": 3.768413927999063, "own": 0.009895975999825168, "gap": -99.73739678843933}