{"num_clients": 135, "paper": 4.8623154560009425, "own": 0.15890145299999858, "gap": -96.73197976482817}