{"num_clients": 208, "paper": 8.847346465001465, "own": 0.25670837000143365, "gap": -97.0984704734134}