{"num_clients": 65, "paper": 1.5120516000000002, "own": 0.0025252999999998416, "gap": -99.8329885038315}