{"num_clients": 35, "paper": 3.4639387900024303, "own": 0.0079742330017325, "gap": -99.76979290093844}