{"num_clients": 118, "paper": 4.644281593002233, "own": 0.10069636800108128, "gap": -97.83182035833474}