{"num_clients": 120, "paper": 5.403158437000457, "own": 0.10235068399924785, "gap": -98.10572491640524}