{"num_clients": 194, "paper": 7.359880372998305, "own": 0.1888177889995859, "gap": -97.43449921153183}