{"num_clients": 132, "paper": 5.277537442998437, "own": 0.109057487001337, "gap": -97.93355351469802}