{"num_clients": 43, "paper": 3.5912252779999108, "own": 0.015515175000473391, "gap": -99.56796987659003}