{"num_clients": 89, "paper": 4.78495892599949, "own": 0.0369154919999346, "gap": -99.22850974123621}