{"num_clients": 206, "paper": 9.509113357002207, "own": 0.337172974999703, "gap": -96.4542122662633}