{"num_clients": 30, "paper": 3.5823277029994642, "own": 0.009332526002253871, "gap": -99.73948430249862}