{"num_clients": 95, "paper": 4.982949067998561, "own": 0.04324807100056205, "gap": -99.13207880693966}