{"num_clients": 73, "paper": 4.171718395999051, "own": 0.03768686399780563, "gap": -99.09661054701225}