{"num_clients": 109, "paper": 4.202469719002693, "own": 0.0842518370009202, "gap": -97.995182770266}