{"num_clients": 83, "paper": 4.054956983000011, "own": 0.050856040000326175, "gap": -98.74583034509281}