{"num_clients": 8, "paper": 0.9236281999999999, "own": 0.00022649999999990733, "gap": -99.97547714545746}