{"num_clients": 30, "paper": 1.0399326, "own": 0.0007584000000000479, "gap": -99.92707219679428}