{"num_clients": 87, "paper": 4.158679169999232, "own": 0.05197126699931687, "gap": -98.75029390643456}