{"num_clients": 122, "paper": 5.170616669000083, "own": 0.1338866700007202, "gap": -97.41062471709758}