{"num_clients": 41, "paper": 3.6580107120007597, "own": 0.017587557000297238, "gap": -99.51920433303823}