{"num_clients": 96, "paper": 4.1509328659994935, "own": 0.055891920001158724, "gap": -98.65350942052153}