{"num_clients": 30, "paper": 3.1883014060003916, "own": 0.008029739001358394, "gap": -99.74814994008263}