{"num_clients": 165, "paper": 7.1504213490006805, "own": 0.1719442119992891, "gap": -97.59532755334314}