{"num_clients": 91, "paper": 4.596730837998621, "own": 0.08607782500257599, "gap": -98.1274121101236}