{"num_clients": 14, "paper": 3.198733960998652, "own": 0.002590019999843207, "gap": -99.91902984019858}