{"num_clients": 80, "paper": 3.9850612619993626, "own": 0.04684647600151948, "gap": -98.82444778331924}