{"num_clients": 140, "paper": 6.717567982999753, "own": 0.08975148799800081, "gap": -98.66392884708965}