{"num_clients": 123, "paper": 6.352725065999948, "own": 0.05783287200029008, "gap": -99.08963678737155}