{"num_clients": 87, "paper": 1.9046969, "own": 0.004100100000000051, "gap": -99.78473740362574}