{"num_clients": 203, "paper": 8.692111647000274, "own": 0.40392588800023077, "gap": -95.3529601965061}