{"num_clients": 51, "paper": 3.673780003000502, "own": 0.020136959999945248, "gap": -99.4518735475859}