{"num_clients": 92, "paper": 4.834611708000011, "own": 0.05709832499996992, "gap": -98.81896771760414}