{"num_clients": 177, "paper": 8.065345236000212, "own": 0.23565765699913754, "gap": -97.07814544692688}