{"num_clients": 182, "paper": 7.663162125001691, "own": 0.2757446669966157, "gap": -96.40168559011721}