{"num_clients": 80, "paper": 3.698500258000422, "own": 0.044145643998490414, "gap": -98.80639067408481}