{"num_clients": 168, "paper": 6.544696868997562, "own": 0.24760589899960905, "gap": -96.2166941577917}