{"num_clients": 28, "paper": 3.355861680999624, "own": 0.008134478000101808, "gap": -99.75760389511409}