{"num_clients": 111, "paper": 4.575985378000041, "own": 0.08142643599967414, "gap": -98.22057045044008}