{"num_clients": 152, "paper": 5.795594872000947, "own": 0.08460259200001019, "gap": -98.54022591522515}