{"num_clients": 148, "paper": 5.168366296000386, "own": 0.08690054200087616, "gap": -98.31860713765343}