{"num_clients": 53, "paper": 3.466379434999908, "own": 0.024632150999423175, "gap": -99.28939830560056}