{"num_clients": 137, "paper": 6.014908871999069, "own": 0.11980829499952961, "gap": -98.0081444698644}