{"num_clients": 173, "paper": 8.137911561999317, "own": 0.1786280269998315, "gap": -97.80498933124377}