{"num_clients": 30, "paper": 3.526692672000536, "own": 0.008877208999365394, "gap": -99.74828515481816}