{"num_clients": 213, "paper": 9.107296636999308, "own": 0.1676024629996391, "gap": -98.15969030459887}