{"num_clients": 36, "paper": 3.772518666999531, "own": 0.0065508799998497125, "gap": -99.82635261537195}