{"num_clients": 24, "paper": 1.0719311999999999, "own": 0.0006245000000000278, "gap": -99.94174066395306}