{"num_clients": 153, "paper": 5.2748258789997635, "own": 0.14008454099985101, "gap": -97.34428122911966}