{"num_clients": 48, "paper": 3.348305111998343, "own": 0.01849355999729596, "gap": -99.44767399090884}