{"num_clients": 39, "paper": 3.4361545390001993, "own": 0.01004581399865856, "gap": -99.70764370796951}