{"num_clients": 194, "paper": 7.343523618998006, "own": 0.30307729299966013, "gap": -95.8728628281989}