{"num_clients": 208, "paper": 8.913029100996937, "own": 0.24295265899854712, "gap": -97.27418528262885}