{"num_clients": 115, "paper": 4.904699206000259, "own": 0.08721981800044887, "gap": -98.2217091336866}