{"num_clients": 47, "paper": 3.635975380999298, "own": 0.018138229999749456, "gap": -99.50114541219021}