{"num_clients": 115, "paper": 2.8438586999999997, "own": 0.006897700000000118, "gap": -99.7574527876508}