{"num_clients": 52, "paper": 3.3424619240004176, "own": 0.014727159999893047, "gap": -99.55939183946583}