{"num_clients": 164, "paper": 4.798681299999999, "own": 0.01279840000000032, "gap": -99.73329339458321}