{"num_clients": 140, "paper": 5.847398124999927, "own": 0.2124308739994376, "gap": -96.36708721625756}