{"num_clients": 56, "paper": 3.595600521999586, "own": 0.025424321000173222, "gap": -99.29290473609025}