{"num_clients": 156, "paper": 7.079019044999768, "own": 0.15366562600047473, "gap": -97.82928079408099}