{"num_clients": 8, "paper": 3.1076791360001152, "own": 0.001078345999303565, "gap": -99.96530060047668}