{"num_clients": 166, "paper": 8.223612689998845, "own": 0.16962095599956228, "gap": -97.93739123675113}