{"num_clients": 138, "paper": 5.751377764001518, "own": 0.16460243099936633, "gap": -97.13803478481921}