{"num_clients": 69, "paper": 4.3174318080018566, "own": 0.05111722700166865, "gap": -98.81602699764872}