{"num_clients": 162, "paper": 6.733819654000399, "own": 0.15263335700001335, "gap": -97.73333167737367}