{"num_clients": 95, "paper": 4.633490789998177, "own": 0.09288778199697845, "gap": -97.99529585345275}