{"num_clients": 43, "paper": 3.362468359002378, "own": 0.008960267001384636, "gap": -99.7335211503955}