{"num_clients": 181, "paper": 5.277135, "own": 0.015910799999999448, "gap": -99.6984954904508}