{"num_clients": 185, "paper": 7.782851718999154, "own": 0.1891947939984675, "gap": -97.56908134923586}