{"num_clients": 142, "paper": 6.738680387000386, "own": 0.08120892200076923, "gap": -98.79488390401436}