{"num_clients": 70, "paper": 4.125385691999327, "own": 0.02293063599972811, "gap": -99.44415776580117}