{"num_clients": 41, "paper": 3.466799613997864, "own": 0.008723715000087395, "gap": -99.74836402528534}