{"num_clients": 173, "paper": 5.1182526, "own": 0.014098500000000236, "gap": -99.72454466198091}