{"num_clients": 8, "paper": 3.097545253000135, "own": 0.0010948750023089815, "gap": -99.96465346224568}