{"num_clients": 41, "paper": 3.3044723229977535, "own": 0.009207642000546912, "gap": -99.72135817460278}