{"num_clients": 109, "paper": 2.5351403, "own": 0.005838600000000138, "gap": -99.76969321974013}