{"num_clients": 169, "paper": 7.077234073, "own": 0.10375841499990202, "gap": -98.53391291103758}