{"num_clients": 63, "paper": 3.41062254499775, "own": 0.04211097499864991, "gap": -98.76529945946635}