{"num_clients": 101, "paper": 4.863675634998799, "own": 0.04606692400193424, "gap": -99.05283724781236}