{"num_clients": 42, "paper": 1.2210896, "own": 0.0012014000000000191, "gap": -99.90161246152617}