{"num_clients": 178, "paper": 8.133306053001434, "own": 0.2319557539995003, "gap": -97.1480754260575}