{"num_clients": 108, "paper": 5.075009352000052, "own": 0.07043809100105136, "gap": -98.61205987781497}