{"num_clients": 87, "paper": 4.409503868000684, "own": 0.08245030299985956, "gap": -98.13016825774453}