{"num_clients": 25, "paper": 3.381598218998988, "own": 0.007022229001449887, "gap": -99.79233993671997}