{"num_clients": 97, "paper": 2.1318839, "own": 0.004402900000000098, "gap": -99.79347374404394}