{"num_clients": 202, "paper": 8.755165095999473, "own": 0.22825050000028568, "gap": -97.39296178315837}