{"num_clients": 108, "paper": 4.644766694000282, "own": 0.07913399199969717, "gap": -98.29627627794706}