{"num_clients": 39, "paper": 3.3467660790010996, "own": 0.01388419800059637, "gap": -99.5851458490717}