{"num_clients": 48, "paper": 3.6330305289993703, "own": 0.021281727000314277, "gap": -99.41421557483648}