{"num_clients": 71, "paper": 4.217592698998487, "own": 0.023583891001180746, "gap": -99.44082103976562}