{"num_clients": 34, "paper": 3.524924174998887, "own": 0.006039047999365721, "gap": -99.82867580408683}