{"num_clients": 209, "paper": 8.246481665999454, "own": 0.33499038699937955, "gap": -95.93777806624422}