{"num_clients": 156, "paper": 7.205013796000458, "own": 0.1917697799999587, "gap": -97.33838427753724}