{"num_clients": 117, "paper": 4.373079199999999, "own": 0.007029200000000735, "gap": -99.83926200101749}