{"num_clients": 22, "paper": 3.264500203999887, "own": 0.003734859000360302, "gap": -99.88559170571398}