{"num_clients": 189, "paper": 8.60070515100233, "own": 0.13845235600092565, "gap": -98.39022087642674}