{"num_clients": 70, "paper": 4.570774454999992, "own": 0.0370516739994855, "gap": -99.18937864109758}