{"num_clients": 63, "paper": 4.589610929000628, "own": 0.045726762000413146, "gap": -99.00368979619869}