{"num_clients": 57, "paper": 4.294499907999125, "own": 0.027530859002581565, "gap": -99.35892747485448}