{"num_clients": 119, "paper": 4.638915208000071, "own": 0.08666622300006566, "gap": -98.13175669064603}