{"num_clients": 117, "paper": 4.844511658000556, "own": 0.08538544999828446, "gap": -98.2374807611976}