{"num_clients": 108, "paper": 5.068708261998836, "own": 0.11696577099974093, "gap": -97.69239488733929}