{"num_clients": 69, "paper": 4.194550034999338, "own": 0.04917065700101375, "gap": -98.82774894587658}