{"num_clients": 170, "paper": 5.820485372998519, "own": 0.10878284499995061, "gap": -98.1310348187696}