{"num_clients": 214, "paper": 8.722354991999964, "own": 0.15478540700041776, "gap": -98.22541725093298}