{"num_clients": 210, "paper": 9.097046184000646, "own": 0.252994744998432, "gap": -97.21893524687843}