{"num_clients": 164, "paper": 7.017062817999431, "own": 0.16684687199995096, "gap": -97.62226908426737}