{"num_clients": 76, "paper": 4.407671558998118, "own": 0.056342186999245314, "gap": -98.7217244695961}