{"num_clients": 207, "paper": 10.66141928900106, "own": 0.16069163399879471, "gap": -98.49277446423504}