{"num_clients": 88, "paper": 4.232634775999031, "own": 0.05482668300101068, "gap": -98.70466775654958}