{"num_clients": 14, "paper": 0.9264657000000001, "own": 0.00035469999999993007, "gap": -99.96171471863448}