{"num_clients": 69, "paper": 3.8249493219991564, "own": 0.03514042900133063, "gap": -99.0812838016122}