{"num_clients": 23, "paper": 3.1578191780008638, "own": 0.0037557320001724293, "gap": -99.8810656409228}