{"num_clients": 209, "paper": 9.174507200001244, "own": 0.5592806079985166, "gap": -93.90397112557238}