{"num_clients": 38, "paper": 3.557259968998551, "own": 0.01659580999876198, "gap": -99.53346648422117}