{"num_clients": 184, "paper": 6.556379396000921, "own": 0.19999778700002935, "gap": -96.94956964934003}