{"num_clients": 159, "paper": 5.981860175999827, "own": 0.1659137570004532, "gap": -97.22638523604871}