{"num_clients": 126, "paper": 2.9900391, "own": 0.007219200000000203, "gap": -99.75855834126048}