{"num_clients": 146, "paper": 6.1258342519995495, "own": 0.18638690699935978, "gap": -96.95736287774159}