{"num_clients": 148, "paper": 7.023143771999457, "own": 0.09698277699953906, "gap": -98.61909737080708}