{"num_clients": 30, "paper": 3.356378102002054, "own": 0.009180643999570748, "gap": -99.72647169893956}