{"num_clients": 175, "paper": 6.090458943002886, "own": 0.10825808399749803, "gap": -98.22249710554453}