{"num_clients": 185, "paper": 6.403946588001418, "own": 0.1940416119978181, "gap": -96.96996829484213}