{"num_clients": 19, "paper": 3.3018789130001096, "own": 0.0026485510024940595, "gap": -99.91978654965007}