{"num_clients": 110, "paper": 4.698673618997418, "own": 0.0928193090003333, "gap": -98.02456359971352}