{"num_clients": 103, "paper": 4.048500667000553, "own": 0.09709253500022896, "gap": -97.60176561679653}