{"num_clients": 191, "paper": 7.356961429999501, "own": 0.13163813999926788, "gap": -98.2106996040174}