{"num_clients": 102, "paper": 4.845314661000884, "own": 0.11996878100035246, "gap": -97.52402497270279}