{"num_clients": 77, "paper": 1.7465666, "own": 0.0042103999999998365, "gap": -99.75893275412459}