{"num_clients": 60, "paper": 3.880081587998575, "own": 0.04292368399910629, "gap": -98.89374274675376}