{"num_clients": 32, "paper": 3.389079628000218, "own": 0.013754676000644395, "gap": -99.59414715762342}