{"num_clients": 186, "paper": 9.0430195, "own": 0.016227900000000517, "gap": -99.82054777168179}