{"num_clients": 154, "paper": 4.034297799999999, "own": 0.01067900000000055, "gap": -99.73529470233952}