{"num_clients": 37, "paper": 3.5573891610001738, "own": 0.012686365999798, "gap": -99.64337986580499}