{"num_clients": 116, "paper": 5.101532242999383, "own": 0.0925359139982902, "gap": -98.18611527692933}