{"num_clients": 175, "paper": 6.69816280699979, "own": 0.18543023799975344, "gap": -97.23162539725112}