{"num_clients": 107, "paper": 4.267961628998819, "own": 0.1086425599987706, "gap": -97.45446258793437}