{"num_clients": 19, "paper": 0.9768319, "own": 0.0005169000000000423, "gap": -99.94708403769368}