{"num_clients": 212, "paper": 10.042557597998893, "own": 0.2584118419999868, "gap": -97.42683236338641}