{"num_clients": 73, "paper": 3.9265857780010265, "own": 0.0555059149992303, "gap": -98.58640767991862}