{"num_clients": 211, "paper": 8.557775484000558, "own": 0.4497022920004383, "gap": -94.74510294361902}