{"num_clients": 15, "paper": 3.245032427003025, "own": 0.0036882839995087124, "gap": -99.88634061192063}