{"num_clients": 128, "paper": 5.197886239999207, "own": 0.10087462199953734, "gap": -98.0593145493782}