{"num_clients": 69, "paper": 4.054469353999593, "own": 0.038646502998744836, "gap": -99.04681723736249}