{"num_clients": 52, "paper": 3.782078016000014, "own": 0.02365093499975046, "gap": -99.37465766439256}