{"num_clients": 126, "paper": 5.233402993999334, "own": 0.11308481500236667, "gap": -97.83917242505439}