{"num_clients": 102, "paper": 5.460363389000122, "own": 0.06951109500005259, "gap": -98.72698774700449}