{"num_clients": 129, "paper": 5.380992509002681, "own": 0.11009423499854165, "gap": -97.95401620027629}