{"num_clients": 48, "paper": 3.6425161799998023, "own": 0.026624848999745154, "gap": -99.2690533772798}