{"num_clients": 116, "paper": 4.847407467001176, "own": 0.09770923199903336, "gap": -97.98429918128008}