{"num_clients": 25, "paper": 1.0414439, "own": 0.0006158000000000552, "gap": -99.94087055481337}