{"num_clients": 24, "paper": 3.27899871200043, "own": 0.005210024000007252, "gap": -99.84110930019766}