{"num_clients": 80, "paper": 3.753547091000655, "own": 0.04036442999949941, "gap": -98.92463238049483}