{"num_clients": 199, "paper": 7.58263398499912, "own": 0.3272808060028183, "gap": -95.6838111050819}