{"num_clients": 187, "paper": 7.631682777999231, "own": 0.2126090120000299, "gap": -97.21412671117642}