{"num_clients": 59, "paper": 3.572123346002627, "own": 0.03987869099728414, "gap": -98.88361383035918}