{"num_clients": 56, "paper": 1.6511943000000002, "own": 0.0019809000000003962, "gap": -99.88003228935563}