{"num_clients": 183, "paper": 8.525107776000368, "own": 0.20480913599931228, "gap": -97.59757716405785}