{"num_clients": 62, "paper": 3.6697611210001924, "own": 0.029564340999058913, "gap": -99.19437968782555}