{"num_clients": 192, "paper": 8.202842861000136, "own": 0.27977314300005673, "gap": -96.58931485411942}