{"num_clients": 122, "paper": 4.953282883998327, "own": 0.06144913499883842, "gap": -98.75942609299882}