{"num_clients": 50, "paper": 3.6318994909997855, "own": 0.01883261599959951, "gap": -99.48146648754272}