{"num_clients": 136, "paper": 5.355439597999066, "own": 0.0715958180007874, "gap": -98.66311968064139}