{"num_clients": 117, "paper": 4.5999336230015615, "own": 0.06501946299977135, "gap": -98.58651301673905}