{"num_clients": 37, "paper": 3.2603529799998796, "own": 0.009078645000045071, "gap": -99.72154410716458}