{"num_clients": 34, "paper": 3.3307416009993176, "own": 0.01070955399700324, "gap": -99.67846337903276}