{"num_clients": 49, "paper": 3.489349059000233, "own": 0.022029833000487997, "gap": -99.36865493741116}