{"num_clients": 37, "paper": 3.300093716000447, "own": 0.009224377000464301, "gap": -99.72048136221889}