{"num_clients": 182, "paper": 7.6022592520002945, "own": 0.26688705000015034, "gap": -96.48937189388894}