{"num_clients": 17, "paper": 3.200494412999433, "own": 0.002217534000010346, "gap": -99.93071276765853}