{"num_clients": 21, "paper": 3.480644782001036, "own": 0.004797405999852344, "gap": -99.86216904337206}