{"num_clients": 56, "paper": 3.42147189500065, "own": 0.01649668299978657, "gap": -99.5178483557357}