{"num_clients": 7, "paper": 3.228844907000166, "own": 0.0005793140007881448, "gap": -99.98205816576906}