{"num_clients": 137, "paper": 6.038569980999455, "own": 0.087079786000686, "gap": -98.55794026939019}