{"num_clients": 187, "paper": 7.102380312000605, "own": 0.19430401399949915, "gap": -97.26424092397316}