{"num_clients": 67, "paper": 3.589220646001195, "own": 0.044379224000294926, "gap": -98.76354149333955}