{"num_clients": 205, "paper": 8.39306075499917, "own": 0.3097575070023595, "gap": -96.3093617925039}