{"num_clients": 111, "paper": 5.315332653999576, "own": 0.07967886299957172, "gap": -98.50096187414317}