{"num_clients": 145, "paper": 3.7374766000000004, "own": 0.009619999999999962, "gap": -99.7426070841487}