{"num_clients": 210, "paper": 8.642176959000608, "own": 0.2344079620006596, "gap": -97.28762830114779}