{"num_clients": 32, "paper": 3.3642878949976875, "own": 0.015284446999430656, "gap": -99.54568552167736}