{"num_clients": 56, "paper": 3.6721589690005203, "own": 0.01567315400006919, "gap": -99.57318966492524}