{"num_clients": 159, "paper": 4.4670495, "own": 0.011251599999999584, "gap": -99.74812009582612}