{"num_clients": 89, "paper": 4.267557291999765, "own": 0.08077075199980754, "gap": -98.10733057641134}