{"num_clients": 169, "paper": 6.967957893000857, "own": 0.18138313700183062, "gap": -97.39689676965433}