{"num_clients": 153, "paper": 7.122873994998372, "own": 0.09095383900057641, "gap": -98.72307387348923}