{"num_clients": 45, "paper": 3.6373134729983576, "own": 0.025777798000490293, "gap": -99.2912956721533}