{"num_clients": 46, "paper": 3.8773995860028663, "own": 0.016705452002497623, "gap": -99.56915835905066}