{"num_clients": 30, "paper": 3.385073141000248, "own": 0.013372482000704622, "gap": -99.60495736890479}