{"num_clients": 119, "paper": 4.749059558002045, "own": 0.0927740779989108, "gap": -98.04647474166566}