{"num_clients": 27, "paper": 3.4697298840001167, "own": 0.007641543000318052, "gap": -99.77976547870324}