{"num_clients": 150, "paper": 5.868208334999508, "own": 0.23876998999912757, "gap": -95.93112622510279}