{"num_clients": 36, "paper": 3.340109104000476, "own": 0.007930545999442984, "gap": -99.76256625899002}