{"num_clients": 62, "paper": 4.357393875000525, "own": 0.04800818600051571, "gap": -98.89823625364807}