{"num_clients": 194, "paper": 8.328236669000034, "own": 0.6653574640004081, "gap": -92.01082425434606}