{"num_clients": 24, "paper": 3.533877953999763, "own": 0.004290949000278488, "gap": -99.87857676308765}