{"num_clients": 179, "paper": 7.419231684998522, "own": 0.18235566100338474, "gap": -97.54212203169092}