{"num_clients": 157, "paper": 6.2674476860011055, "own": 0.09157202400092501, "gap": -98.53892639254957}