{"num_clients": 96, "paper": 4.689018260000012, "own": 0.04456980699978885, "gap": -99.04948531806765}