{"num_clients": 129, "paper": 5.691681153999525, "own": 0.09782463800002006, "gap": -98.28126988576514}