{"num_clients": 19, "paper": 0.9571042000000001, "own": 0.0004515999999998854, "gap": -99.95281600477776}