{"num_clients": 124, "paper": 5.536252998001146, "own": 0.15366786899903673, "gap": -97.22433441798057}