{"num_clients": 134, "paper": 5.3622583189999204, "own": 0.0766769789997852, "gap": -98.57006182025775}