{"num_clients": 130, "paper": 5.043965998000203, "own": 0.14334114600205794, "gap": -97.15816589447888}