{"num_clients": 201, "paper": 8.604006290000143, "own": 0.22106840900050884, "gap": -97.43063403780351}