{"num_clients": 117, "paper": 5.581812540000101, "own": 0.0912305000001652, "gap": -98.36557570956757}