{"num_clients": 174, "paper": 5.995530795999002, "own": 0.17585364600017783, "gap": -97.06692114537164}