{"num_clients": 125, "paper": 4.975418653997622, "own": 0.09978501400109963, "gap": -97.99443984636498}