{"num_clients": 170, "paper": 5.854002856999614, "own": 0.17749521899986576, "gap": -96.9679683571108}