{"num_clients": 197, "paper": 6.5281267, "own": 0.017126499999999822, "gap": -99.73765061882148}