{"num_clients": 137, "paper": 4.702368431997456, "own": 0.1596285119994718, "gap": -96.60535931397308}