{"num_clients": 35, "paper": 3.4980245659999127, "own": 0.015765207999720587, "gap": -99.54931111253606}