{"num_clients": 41, "paper": 3.7920254389991896, "own": 0.011041655998269562, "gap": -99.70881904206888}