{"num_clients": 139, "paper": 4.8767574529993, "own": 0.15773290699962672, "gap": -96.7656191943149}