{"num_clients": 192, "paper": 8.172112717000346, "own": 0.2986493979997249, "gap": -96.34550564411026}