{"num_clients": 73, "paper": 4.547330459000477, "own": 0.039944287999787775, "gap": -99.12158818542149}