{"num_clients": 159, "paper": 5.530013980000149, "own": 0.29171715099982976, "gap": -94.72483881496765}