{"num_clients": 190, "paper": 5.740397, "own": 0.01667620000000003, "gap": -99.70949396008673}