{"num_clients": 117, "paper": 4.792332903001807, "own": 0.12620110500211013, "gap": -97.36660395768708}