{"num_clients": 55, "paper": 3.624319298000046, "own": 0.01632764899841277, "gap": -99.54949750129845}