{"num_clients": 183, "paper": 6.455588326999532, "own": 0.1973650580002868, "gap": -96.94272546508523}