{"num_clients": 125, "paper": 5.014438951999182, "own": 0.13096445499832043, "gap": -97.38825307772254}