{"num_clients": 46, "paper": 3.5807331220021297, "own": 0.011023336999642197, "gap": -99.69214860130434}