{"num_clients": 185, "paper": 8.032556230999944, "own": 0.19576185699952475, "gap": -97.56289465806634}