{"num_clients": 74, "paper": 3.7734215060008864, "own": 0.025027509000210557, "gap": -99.33674229183225}