{"num_clients": 120, "paper": 4.5460504130023764, "own": 0.09811564599658595, "gap": -97.84173871640401}