{"num_clients": 120, "paper": 3.0162050000000002, "own": 0.007976600000000111, "gap": -99.73554184811708}