{"num_clients": 181, "paper": 7.66282407000017, "own": 0.11765564300003462, "gap": -98.46459161889604}