{"num_clients": 130, "paper": 5.159337152999797, "own": 0.1118520769996394, "gap": -97.83204559650449}