{"num_clients": 118, "paper": 5.76182912799959, "own": 0.062626414000988, "gap": -98.91308102670634}