{"num_clients": 181, "paper": 7.467436169001303, "own": 0.26499309499922674, "gap": -96.4513510527313}