{"num_clients": 22, "paper": 3.3576004709993867, "own": 0.003526630000123987, "gap": -99.89496576407512}