{"num_clients": 84, "paper": 4.026921934999336, "own": 0.02766603700001724, "gap": -99.31297309839651}