{"num_clients": 32, "paper": 3.2748918629995387, "own": 0.010389506999672449, "gap": -99.68275266988033}