{"num_clients": 142, "paper": 6.830565842999931, "own": 0.08160492099978, "gap": -98.80529779120116}