{"num_clients": 201, "paper": 8.611483172999215, "own": 0.15441919200020493, "gap": -98.20682234525665}