{"num_clients": 91, "paper": 5.345004806999896, "own": 0.06413565200000448, "gap": -98.8000824261933}