{"num_clients": 90, "paper": 1.9288691, "own": 0.004277899999999946, "gap": -99.77821719472824}