{"num_clients": 105, "paper": 4.540616766000312, "own": 0.07108985899958498, "gap": -98.43435676994591}