{"num_clients": 190, "paper": 6.058126000000001, "own": 0.01583860000000037, "gap": -99.73855611454763}