{"num_clients": 125, "paper": 5.881415677999939, "own": 0.06648625200068636, "gap": -98.86955359660455}