{"num_clients": 16, "paper": 3.1438849850019324, "own": 0.0033197920020029414, "gap": -99.89440478841178}