{"num_clients": 95, "paper": 4.415299051999682, "own": 0.045504335000259744, "gap": -98.96939404411008}