{"num_clients": 23, "paper": 3.2392918810000992, "own": 0.005974482999590691, "gap": -99.81556206667778}