{"num_clients": 72, "paper": 1.5612235, "own": 0.003054200000000229, "gap": -99.80437137924197}