{"num_clients": 193, "paper": 6.919005035000737, "own": 0.13548171899947192, "gap": -98.04189015163135}