{"num_clients": 196, "paper": 7.792874714999925, "own": 0.22987568200005626, "gap": -97.0501812180095}