{"num_clients": 184, "paper": 6.941108861999965, "own": 0.19133255799988547, "gap": -97.24348714587433}