{"num_clients": 119, "paper": 5.671563525997044, "own": 0.13206184900263906, "gap": -97.67150895167973}