{"num_clients": 69, "paper": 4.156875333000244, "own": 0.03659178599991719, "gap": -99.11972856848928}