{"num_clients": 6, "paper": 3.1170723299983365, "own": 0.0005773509983555414, "gap": -99.981477779877}