{"num_clients": 162, "paper": 6.164424522998161, "own": 0.21125392600151827, "gap": -96.57301463886249}