{"num_clients": 105, "paper": 4.952848717999586, "own": 0.07445985300000757, "gap": -98.49662573521766}