{"num_clients": 135, "paper": 5.724336335999396, "own": 0.15755474800243974, "gap": -97.24763293499014}