{"num_clients": 149, "paper": 6.238103626999873, "own": 0.08242550700015272, "gap": -98.67867685552069}