{"num_clients": 33, "paper": 3.2373346789991047, "own": 0.005870127999514807, "gap": -99.8186740457329}