{"num_clients": 25, "paper": 3.1828372000018135, "own": 0.0060796719990321435, "gap": -99.8089857690796}