{"num_clients": 188, "paper": 7.99872709400006, "own": 0.26346668699989095, "gap": -96.70614231610027}