{"num_clients": 206, "paper": 9.08240369899795, "own": 0.3229359020006086, "gap": -96.4443784629807}