{"num_clients": 22, "paper": 3.3000021269999706, "own": 0.0030666640004710644, "gap": -99.90707084776157}