{"num_clients": 159, "paper": 6.204134421001072, "own": 0.2094053709988657, "gap": -96.62474477841701}