{"num_clients": 187, "paper": 8.11252529199919, "own": 0.2675717300007818, "gap": -96.70174550623997}