{"num_clients": 111, "paper": 4.9462423250006395, "own": 0.08111070000086329, "gap": -98.36015515069103}