{"num_clients": 133, "paper": 6.662839736999558, "own": 0.1218259389997911, "gap": -98.17156131906826}