{"num_clients": 207, "paper": 7.456593179000265, "own": 0.35321776599994337, "gap": -95.263014120246}