{"num_clients": 204, "paper": 9.459572760999436, "own": 0.22703280600035214, "gap": -97.59996765460298}