{"num_clients": 22, "paper": 3.1685654590000922, "own": 0.0034375580016785534, "gap": -99.89151058906123}