{"num_clients": 167, "paper": 6.852204727001663, "own": 0.3630537969984289, "gap": -94.70164988550638}