{"num_clients": 165, "paper": 5.752753022999968, "own": 0.16749758900004963, "gap": -97.08839249085818}