{"num_clients": 152, "paper": 6.119983352000418, "own": 0.16995746100292308, "gap": -97.22290974946249}