{"num_clients": 59, "paper": 3.967262457999823, "own": 0.03415043300083198, "gap": -99.13919400689085}