{"num_clients": 179, "paper": 7.455866620000961, "own": 0.10818654200011224, "gap": -98.54897428409069}