{"num_clients": 92, "paper": 4.268921543000033, "own": 0.09817726800247328, "gap": -97.70018570232429}