{"num_clients": 58, "paper": 3.64191305499844, "own": 0.01685733499834896, "gap": -99.53712966938592}