{"num_clients": 182, "paper": 7.533284824000475, "own": 0.11685719300021447, "gap": -98.44878833430117}