{"num_clients": 72, "paper": 4.279561611998361, "own": 0.040135997001925716, "gap": -99.06214699913659}