{"num_clients": 50, "paper": 3.8520820689991524, "own": 0.021181418000196572, "gap": -99.4501306664606}