{"num_clients": 154, "paper": 4.299779, "own": 0.012609799999999893, "gap": -99.70673376468883}