{"num_clients": 99, "paper": 4.759095874000195, "own": 0.04607926100015902, "gap": -99.03176438928456}