{"num_clients": 8, "paper": 3.1702365940000163, "own": 0.0010795950001920573, "gap": -99.96594591702602}