{"num_clients": 102, "paper": 4.793418068002211, "own": 0.04531430600036401, "gap": -99.05465566830372}