{"num_clients": 43, "paper": 3.3595940449995396, "own": 0.01449390199923073, "gap": -99.56858174514258}