{"num_clients": 159, "paper": 6.042005798999526, "own": 0.0994829330002176, "gap": -98.35347835950951}