{"num_clients": 198, "paper": 8.342495093002071, "own": 0.29304292500091833, "gap": -96.48734675017391}