{"num_clients": 19, "paper": 3.1472921129998213, "own": 0.00567694700021093, "gap": -99.81962440102835}