{"num_clients": 199, "paper": 7.029632105000928, "own": 0.1389916429980076, "gap": -98.02277500554932}