{"num_clients": 78, "paper": 3.657731324001361, "own": 0.08600997499888763, "gap": -97.64854311648025}