{"num_clients": 79, "paper": 4.56734248200155, "own": 0.04841245600255206, "gap": -98.94003008985356}