{"num_clients": 25, "paper": 3.3618083229994227, "own": 0.006345425999825238, "gap": -99.81124961954512}