{"num_clients": 43, "paper": 3.743716405999294, "own": 0.010188125001150183, "gap": -99.72786066314147}