{"num_clients": 213, "paper": 9.350585815001978, "own": 0.34207676599908154, "gap": -96.34165417261605}