{"num_clients": 171, "paper": 5.6270114, "own": 0.014677899999999688, "gap": -99.73915282986631}