{"num_clients": 30, "paper": 3.541147808999085, "own": 0.007796206002240069, "gap": -99.77983957680536}