{"num_clients": 206, "paper": 8.95344092400046, "own": 0.2669359749997966, "gap": -97.01862136282988}