{"num_clients": 175, "paper": 6.678987428997061, "own": 0.1165134319999197, "gap": -98.25552251387579}