{"num_clients": 189, "paper": 8.76438173799761, "own": 0.3073390060017118, "gap": -96.49331789521152}