{"num_clients": 168, "paper": 6.9846260089998395, "own": 0.1669590439996682, "gap": -97.60962084749364}