{"num_clients": 14, "paper": 3.1130375859975175, "own": 0.002745654001046205, "gap": -99.91180145034559}