{"num_clients": 52, "paper": 3.993488066000282, "own": 0.02128607899794588, "gap": -99.46698027773837}