{"num_clients": 123, "paper": 5.304336923998562, "own": 0.063449216000663, "gap": -98.80382379721021}