{"num_clients": 95, "paper": 4.4195267830000375, "own": 0.08801466900149535, "gap": -98.00850468108828}