{"num_clients": 129, "paper": 6.141947102001723, "own": 0.060738243999367114, "gap": -99.01109138534306}