{"num_clients": 167, "paper": 6.882207398000901, "own": 0.16225383300115936, "gap": -97.64241581780448}