{"num_clients": 11, "paper": 3.327940966002643, "own": 0.0010235030022158753, "gap": -99.96924515751115}