{"num_clients": 111, "paper": 5.045690429999922, "own": 0.09159333000025072, "gap": -98.18472157039861}