{"num_clients": 127, "paper": 5.111727892002818, "own": 0.19717188100185012, "gap": -96.1427547559736}