{"num_clients": 100, "paper": 4.737015506001626, "own": 0.037922538998827804, "gap": -99.19944237145137}