{"num_clients": 208, "paper": 9.677683185000205, "own": 0.2610470179997719, "gap": -97.3025876854041}