{"num_clients": 98, "paper": 4.358502336000129, "own": 0.07242794499961747, "gap": -98.33823778408053}