{"num_clients": 174, "paper": 7.4956809079994855, "own": 0.24581368900180678, "gap": -96.72059560673839}