{"num_clients": 172, "paper": 6.772761674998037, "own": 0.12417143600032432, "gap": -98.16660555975699}