{"num_clients": 91, "paper": 4.14896262000002, "own": 0.05924532700009877, "gap": -98.57204481152692}