{"num_clients": 135, "paper": 5.349200376000226, "own": 0.20117613700131187, "gap": -96.23913626597518}