{"num_clients": 100, "paper": 4.748956690000341, "own": 0.09460310800204752, "gap": -98.00791807174724}