{"num_clients": 56, "paper": 3.7499125790000107, "own": 0.0224186710001959, "gap": -99.40215483620223}