{"num_clients": 26, "paper": 3.4471738069987623, "own": 0.0074543689988786355, "gap": -99.78375418774232}