{"num_clients": 97, "paper": 3.917301387000407, "own": 0.06503108499964583, "gap": -98.33990090179296}