{"num_clients": 13, "paper": 3.3296583800001827, "own": 0.002206919998570811, "gap": -99.9337193265283}