{"num_clients": 80, "paper": 4.492637852999906, "own": 0.04794167399995786, "gap": -98.93288362942619}