{"num_clients": 132, "paper": 5.057213413998397, "own": 0.10731548900002963, "gap": -97.87797191427636}