{"num_clients": 48, "paper": 3.8565091349992144, "own": 0.011355863000062527, "gap": -99.70554035780691}