{"num_clients": 160, "paper": 6.496632481999768, "own": 0.21205085200017493, "gap": -96.73598818175871}