{"num_clients": 154, "paper": 6.246437447000062, "own": 0.14321869299965329, "gap": -97.70719399313866}