{"num_clients": 30, "paper": 3.203638296000463, "own": 0.004802049999852898, "gap": -99.85010636169982}