{"num_clients": 163, "paper": 5.7625871380005265, "own": 0.2719174779995228, "gap": -95.28132986993978}