{"num_clients": 135, "paper": 5.901316538000174, "own": 0.15592741600084992, "gap": -97.35775203724812}