{"num_clients": 8, "paper": 3.0877461489981215, "own": 0.0011263689993938897, "gap": -99.96352132121486}