{"num_clients": 139, "paper": 4.902291677000903, "own": 0.12496334900060901, "gap": -97.45091974867847}