{"num_clients": 117, "paper": 5.071517433000736, "own": 0.058973338000214426, "gap": -98.83716582306371}