{"num_clients": 5, "paper": 3.1262129950009694, "own": 0.00066330999834463, "gap": -99.9787823158753}