{"num_clients": 37, "paper": 3.499864629999138, "own": 0.007649822999155731, "gap": -99.78142517474575}