{"num_clients": 206, "paper": 8.776495783999962, "own": 0.15093503299976874, "gap": -98.2802357943938}