{"num_clients": 210, "paper": 9.1283777489989, "own": 0.1571491939976113, "gap": -98.27845430679241}