{"num_clients": 14, "paper": 3.185079556000346, "own": 0.0014912500009813812, "gap": -99.9531801333448}