{"num_clients": 203, "paper": 7.840184616998158, "own": 0.22668900700227823, "gap": -97.10862667046388}