{"num_clients": 185, "paper": 7.860928336998768, "own": 0.21375299300052575, "gap": -97.28081743228135}