{"num_clients": 50, "paper": 3.642994259000261, "own": 0.013184250998165226, "gap": -99.63809300644401}