{"num_clients": 161, "paper": 4.8537738, "own": 0.011464600000000047, "gap": -99.763800282576}