{"num_clients": 137, "paper": 5.973603030000959, "own": 0.21102023600178654, "gap": -96.46745465103741}