{"num_clients": 91, "paper": 3.971588141999746, "own": 0.06032277799931762, "gap": -98.48114215667529}