{"num_clients": 139, "paper": 6.944995822999772, "own": 0.12172221100263414, "gap": -98.24733932021202}