{"num_clients": 175, "paper": 7.312114995998854, "own": 0.17455360099847894, "gap": -97.61281652307173}