{"num_clients": 200, "paper": 7.813582508999389, "own": 0.20778162899659947, "gap": -97.34076361570017}