{"num_clients": 11, "paper": 3.184078160000354, "own": 0.001491043999521935, "gap": -99.95317187818273}