{"num_clients": 100, "paper": 5.1170571679977, "own": 0.04483957200136501, "gap": -99.12372345023242}