{"num_clients": 150, "paper": 4.0712974, "own": 0.010679200000000222, "gap": -99.73769540883944}