{"num_clients": 212, "paper": 7.1249725, "own": 0.021179599999999965, "gap": -99.7027413088261}