{"num_clients": 187, "paper": 5.9423661, "own": 0.017935800000000057, "gap": -99.69817073370825}