{"num_clients": 166, "paper": 5.625054257999182, "own": 0.10619887299981201, "gap": -98.11203824658597}