{"num_clients": 124, "paper": 2.6947091, "own": 0.007653099999999746, "gap": -99.7159953183815}