{"num_clients": 123, "paper": 5.1606801340021775, "own": 0.14189287000044715, "gap": -97.25050058682076}