{"num_clients": 64, "paper": 4.072918747999211, "own": 0.02013799599808408, "gap": -99.50556352227805}