{"num_clients": 72, "paper": 4.083366274000582, "own": 0.02305629200054682, "gap": -99.4353606692755}