{"num_clients": 9, "paper": 3.145670425999924, "own": 0.0012701739997282857, "gap": -99.95962151695137}