{"num_clients": 122, "paper": 5.8866290960004335, "own": 0.20420642899989616, "gap": -96.53101247471764}