{"num_clients": 141, "paper": 6.513326893999874, "own": 0.11920680999992328, "gap": -98.16980151710584}