{"num_clients": 119, "paper": 5.554217675999098, "own": 0.06655358500029251, "gap": -98.80174690869816}