{"num_clients": 28, "paper": 3.364038117999371, "own": 0.005752384000516031, "gap": -99.82900360225594}