{"num_clients": 118, "paper": 5.379171661999862, "own": 0.12305980599921895, "gap": -97.71229078133811}