{"num_clients": 12, "paper": 3.3182904700006475, "own": 0.0013708570004382636, "gap": -99.95868785409742}