{"num_clients": 57, "paper": 3.6114091480012576, "own": 0.026129952999326633, "gap": -99.2764610176117}