{"num_clients": 99, "paper": 3.8974863190005635, "own": 0.09312329899967153, "gap": -97.61068310757916}