{"num_clients": 114, "paper": 4.581715119000364, "own": 0.05068553000000975, "gap": -98.89374331045121}