{"num_clients": 173, "paper": 6.724797733997548, "own": 0.1271916829973634, "gap": -98.10861697216052}