{"num_clients": 151, "paper": 5.209785842000201, "own": 0.17552908700054104, "gap": -96.63078114295097}