{"num_clients": 34, "paper": 3.863706322001235, "own": 0.007488171999284532, "gap": -99.80619199868674}