{"num_clients": 131, "paper": 5.634686436998891, "own": 0.14169620699976804, "gap": -97.48528673983787}