{"num_clients": 59, "paper": 3.5592690640005458, "own": 0.018870700001571095, "gap": -99.46981530021333}