{"num_clients": 109, "paper": 4.08794640600172, "own": 0.04825512699972023, "gap": -98.81957535135797}