{"num_clients": 145, "paper": 6.6078575259998615, "own": 0.11944117799976084, "gap": -98.19243714729325}