{"num_clients": 49, "paper": 3.927182814999469, "own": 0.012218384999869158, "gap": -99.6888765923195}