{"num_clients": 17, "paper": 3.322942787000102, "own": 0.003499186000226473, "gap": -99.89469617069797}