{"num_clients": 21, "paper": 3.470025816997804, "own": 0.004541026002698345, "gap": -99.86913567096664}