{"num_clients": 146, "paper": 5.63615348500025, "own": 0.12419871000020066, "gap": -97.7963923386626}