{"num_clients": 27, "paper": 3.2426428939998004, "own": 0.008530650000466267, "gap": -99.73692292739817}