{"num_clients": 166, "paper": 6.324048271999345, "own": 0.16656878700086963, "gap": -97.3661050669335}