{"num_clients": 75, "paper": 4.1041150739984005, "own": 0.05960492599842837, "gap": -98.54767897771544}