{"num_clients": 206, "paper": 8.817234679998364, "own": 0.22915442200246616, "gap": -97.40106246097434}