{"num_clients": 14, "paper": 3.265254793999702, "own": 0.0016718409997338313, "gap": -99.94879906453836}