{"num_clients": 34, "paper": 3.309082990999741, "own": 0.011559808001038618, "gap": -99.65066430692492}