{"num_clients": 176, "paper": 6.944364860999485, "own": 0.20870747400113032, "gap": -96.99457793219852}