{"num_clients": 60, "paper": 4.034006305999355, "own": 0.030118599999696016, "gap": -99.25338242642546}