{"num_clients": 59, "paper": 3.80703511899992, "own": 0.016714110999600962, "gap": -99.56096777473407}