{"num_clients": 150, "paper": 4.0700787, "own": 0.011829300000000487, "gap": -99.70935942835699}