{"num_clients": 53, "paper": 3.38487534900014, "own": 0.01661004600009619, "gap": -99.50928633147443}