{"num_clients": 137, "paper": 5.428168886999629, "own": 0.15545784499772708, "gap": -97.13609048955632}