{"num_clients": 81, "paper": 4.321421485001338, "own": 0.06542320799962908, "gap": -98.48607204303728}