{"num_clients": 60, "paper": 3.6987677949982753, "own": 0.01833727700068266, "gap": -99.50423281435835}