{"num_clients": 197, "paper": 9.190976713001874, "own": 0.136166050000611, "gap": -98.51848117721825}