{"num_clients": 106, "paper": 5.07714549100092, "own": 0.08024792200012598, "gap": -98.41942835511878}