{"num_clients": 11, "paper": 3.404147719998946, "own": 0.001284025998756988, "gap": -99.96228054407823}