{"num_clients": 54, "paper": 4.227806980998139, "own": 0.025322765999590047, "gap": -99.40104252362033}