{"num_clients": 181, "paper": 6.77355856199938, "own": 0.19524656000066898, "gap": -97.1175186836646}