{"num_clients": 204, "paper": 8.8139384290007, "own": 0.33244566900248174, "gap": -96.22818253519189}