{"num_clients": 158, "paper": 7.171551300998544, "own": 0.14010930600124993, "gap": -98.04631801237005}