{"num_clients": 162, "paper": 6.2890415159999975, "own": 0.16414735699981975, "gap": -97.38994636015343}