{"num_clients": 109, "paper": 4.906394210998769, "own": 0.08235700400109636, "gap": -98.32143524430886}