{"num_clients": 205, "paper": 9.61423779100005, "own": 0.34519112999987556, "gap": -96.40958402003525}