{"num_clients": 84, "paper": 4.217047666999861, "own": 0.07331515600162675, "gap": -98.26145773557771}