{"num_clients": 206, "paper": 8.109065619999456, "own": 0.31744880999758607, "gap": -96.08526031390522}