{"num_clients": 91, "paper": 3.912304335000954, "own": 0.0821344300002238, "gap": -97.90061245324353}