{"num_clients": 96, "paper": 4.489061131998824, "own": 0.0934562359998381, "gap": -97.91813403177638}