{"num_clients": 34, "paper": 3.498989175001043, "own": 0.0073893979970307555, "gap": -99.78881335072926}