{"num_clients": 68, "paper": 4.177844100002403, "own": 0.025879834000079427, "gap": -99.38054572213298}