{"num_clients": 29, "paper": 3.446478453999589, "own": 0.0053759420006826986, "gap": -99.84401637577498}