{"num_clients": 196, "paper": 7.57120725599998, "own": 0.22476983900014602, "gap": -97.03125497162924}