{"num_clients": 130, "paper": 5.556969661000039, "own": 0.07388665200051037, "gap": -98.67037870443917}