{"num_clients": 122, "paper": 4.810009266999259, "own": 0.09395648699864978, "gap": -98.04664644529333}