{"num_clients": 68, "paper": 4.140664116000153, "own": 0.03160413400019024, "gap": -99.23673755912567}