{"num_clients": 17, "paper": 3.136792929002695, "own": 0.0035841819990309887, "gap": -99.88573737316571}