{"num_clients": 41, "paper": 1.1852118, "own": 0.0009677000000001268, "gap": -99.91835214600461}