{"num_clients": 115, "paper": 4.13370666999981, "own": 0.11989276000167592, "gap": -97.09963068081748}