{"num_clients": 129, "paper": 4.535948089996964, "own": 0.1077174410020234, "gap": -97.62524969720067}