{"num_clients": 148, "paper": 6.621476830001484, "own": 0.08511872300005052, "gap": -98.71450546176673}