{"num_clients": 15, "paper": 3.4897780300016166, "own": 0.0021232500002952293, "gap": -99.93915802145462}