{"num_clients": 178, "paper": 8.454232515000513, "own": 0.18583816399950592, "gap": -97.8018328255135}