{"num_clients": 102, "paper": 2.0532852000000004, "own": 0.005440399999999901, "gap": -99.73503924345239}