{"num_clients": 29, "paper": 3.364779567000369, "own": 0.005601938999461709, "gap": -99.83351245191804}