{"num_clients": 16, "paper": 0.9816425000000001, "own": 0.0004351999999998579, "gap": -99.95566614118685}