{"num_clients": 133, "paper": 5.836949288001051, "own": 0.07591857599982177, "gap": -98.6993449445263}