{"num_clients": 71, "paper": 4.323557348998293, "own": 0.03580291500111343, "gap": -99.1719107181634}