{"num_clients": 165, "paper": 6.907926289000898, "own": 0.16263405899735517, "gap": -97.64568913747229}