{"num_clients": 105, "paper": 2.7075402, "own": 0.005872000000000099, "gap": -99.78312418039074}