{"num_clients": 139, "paper": 6.332535466000991, "own": 0.07544063000023016, "gap": -98.80868207678793}