{"num_clients": 111, "paper": 4.630685166997864, "own": 0.08095726099782041, "gap": -98.25172176301706}