{"num_clients": 182, "paper": 7.060984301002463, "own": 0.10915209299855633, "gap": -98.45415188101948}