{"num_clients": 113, "paper": 4.784851253000852, "own": 0.12376020800002152, "gap": -97.41349936589138}