{"num_clients": 43, "paper": 1.3629479, "own": 0.001305099999999948, "gap": -99.90424432217843}