{"num_clients": 60, "paper": 4.197353189003479, "own": 0.04963158299869974, "gap": -98.81755047136066}