{"num_clients": 132, "paper": 3.4210151, "own": 0.008969000000000449, "gap": -99.73782635452265}