{"num_clients": 112, "paper": 4.708978687000126, "own": 0.05506747999970685, "gap": -98.83058549082565}