{"num_clients": 40, "paper": 4.173673471999791, "own": 0.008816510999167804, "gap": -99.78875896597287}