{"num_clients": 201, "paper": 6.824340899999999, "own": 0.018242800000000337, "gap": -99.7326804116717}