{"num_clients": 19, "paper": 3.1836086249995788, "own": 0.004325975999563525, "gap": -99.8641172169973}