{"num_clients": 57, "paper": 3.987868798000818, "own": 0.03344510100032494, "gap": -99.16132895302144}