{"num_clients": 184, "paper": 5.6092802, "own": 0.014438900000000032, "gap": -99.74258907586753}