{"num_clients": 131, "paper": 5.587717114000043, "own": 0.11863344599987613, "gap": -97.87688883349803}