{"num_clients": 119, "paper": 4.824746603000676, "own": 0.12637266099773115, "gap": -97.38073993525099}