{"num_clients": 176, "paper": 5.2508386, "own": 0.013489199999999535, "gap": -99.74310389201452}