{"num_clients": 94, "paper": 4.973850530997879, "own": 0.04307396500007599, "gap": -99.13399156786816}