{"num_clients": 96, "paper": 5.069767733000845, "own": 0.09243192599933536, "gap": -98.17680156434653}