{"num_clients": 98, "paper": 4.607988388001104, "own": 0.0628889399995387, "gap": -98.63521921706015}