{"num_clients": 124, "paper": 3.2394375999999996, "own": 0.007270799999999689, "gap": -99.77555363313682}