{"num_clients": 137, "paper": 5.918281010999635, "own": 0.1180301079984929, "gap": -98.00566908230407}