{"num_clients": 33, "paper": 3.414878442999907, "own": 0.010255658999085426, "gap": -99.69967718704282}