{"num_clients": 40, "paper": 3.4355343919996812, "own": 0.008748263000597944, "gap": -99.74535946952038}