{"num_clients": 114, "paper": 4.784703294000792, "own": 0.09743467699809116, "gap": -97.9636213363479}