{"num_clients": 52, "paper": 3.6790994340008183, "own": 0.014094150000346417, "gap": -99.61691304480401}