{"num_clients": 42, "paper": 3.2909408520026773, "own": 0.010676603000320029, "gap": -99.67557596807542}