{"num_clients": 171, "paper": 8.241471704001015, "own": 0.2532578520003881, "gap": -96.92703122577684}