{"num_clients": 135, "paper": 5.3136036210016755, "own": 0.1147901490003278, "gap": -97.83969303719556}