{"num_clients": 186, "paper": 8.056526751999627, "own": 0.2761382949993276, "gap": -96.57248956653946}