{"num_clients": 79, "paper": 4.738964364998537, "own": 0.03267042399966158, "gap": -99.3105999226126}