{"num_clients": 157, "paper": 6.114915559999645, "own": 0.22611734999918554, "gap": -96.3021999603998}