{"num_clients": 20, "paper": 3.3155496859981213, "own": 0.002771801002381835, "gap": -99.91639995581765}