{"num_clients": 139, "paper": 6.664680480000243, "own": 0.1095102550007141, "gap": -98.35685663657337}