{"num_clients": 156, "paper": 7.1360727949995635, "own": 0.30778104300043196, "gap": -95.68696884347784}