{"num_clients": 146, "paper": 6.817472647999239, "own": 0.08565537000049517, "gap": -98.74359055880286}