{"num_clients": 175, "paper": 7.2289398, "own": 0.013979899999999823, "gap": -99.80661202905577}