{"num_clients": 52, "paper": 3.443338439999934, "own": 0.021411936000731657, "gap": -99.37816347786213}