{"num_clients": 92, "paper": 4.203646633999597, "own": 0.08098581999911403, "gap": -98.07343891981569}