{"num_clients": 161, "paper": 7.415454755999235, "own": 0.16056725599992205, "gap": -97.83469441479606}