{"num_clients": 180, "paper": 6.0601088, "own": 0.013901699999999906, "gap": -99.77060312844549}