{"num_clients": 155, "paper": 6.453417032000289, "own": 0.16157788800046546, "gap": -97.49624288653196}