{"num_clients": 86, "paper": 4.738066832000186, "own": 0.03572045200053253, "gap": -99.24609649320938}