{"num_clients": 180, "paper": 7.613359274000686, "own": 0.33217361499919207, "gap": -95.63696388093031}