{"num_clients": 9, "paper": 3.1613592430003337, "own": 0.0012605860028997995, "gap": -99.96012518964143}