{"num_clients": 149, "paper": 3.8289273, "own": 0.010732099999999356, "gap": -99.71971000859693}