{"num_clients": 214, "paper": 8.632193520001238, "own": 0.3470017250001547, "gap": -95.98014427971137}