{"num_clients": 113, "paper": 5.171918842000196, "own": 0.23898624699995707, "gap": -95.37915705368007}