{"num_clients": 86, "paper": 4.063292364000517, "own": 0.05318290899958811, "gap": -98.69113752505795}