{"num_clients": 11, "paper": 3.1774801609999486, "own": 0.0018929379994006013, "gap": -99.94042644159877}