{"num_clients": 108, "paper": 5.027553923999221, "own": 0.09972372999982326, "gap": -98.01645628257137}