{"num_clients": 106, "paper": 4.786811852001847, "own": 0.07232206700064125, "gap": -98.48913913400636}