{"num_clients": 178, "paper": 7.475818027000059, "own": 0.18046969500028354, "gap": -97.5859538802511}