{"num_clients": 199, "paper": 7.777262456000244, "own": 0.2377342090003367, "gap": -96.94321478353964}