{"num_clients": 77, "paper": 4.100348239000596, "own": 0.027241117000812665, "gap": -99.3356389405732}