{"num_clients": 193, "paper": 9.016387335999752, "own": 0.2041945780001697, "gap": -97.73529496470408}