{"num_clients": 195, "paper": 8.926875994000511, "own": 0.2114671229992382, "gap": -97.63111839862727}