{"num_clients": 193, "paper": 8.341069100999448, "own": 0.30896559299981163, "gap": -96.2958514159439}