{"num_clients": 6, "paper": 3.2002597020000394, "own": 0.000479635000374401, "gap": -99.98501262256701}