{"num_clients": 181, "paper": 7.506865502000437, "own": 0.25636777600084315, "gap": -96.58488918001093}