{"num_clients": 87, "paper": 4.578592783998829, "own": 0.06102854299933824, "gap": -98.66708952120355}