{"num_clients": 112, "paper": 5.034354855000856, "own": 0.08881432999987737, "gap": -98.23583492705815}