{"num_clients": 46, "paper": 3.2901645799993275, "own": 0.01126675600062299, "gap": -99.65756254051506}