{"num_clients": 131, "paper": 5.2389891969996825, "own": 0.07318364400089195, "gap": -98.6030961078751}