{"num_clients": 51, "paper": 3.688556992998201, "own": 0.01539123100155848, "gap": -99.58273029179772}