{"num_clients": 24, "paper": 1.0003942, "own": 0.0004995999999999334, "gap": -99.9500596864716}