{"num_clients": 165, "paper": 8.227120951999495, "own": 0.22248644299997977, "gap": -97.29569500317231}