{"num_clients": 95, "paper": 4.7823168179993445, "own": 0.05949924800006556, "gap": -98.75584888529077}