{"num_clients": 203, "paper": 9.51493058000051, "own": 0.23544562399911229, "gap": -97.52551401169445}