{"num_clients": 68, "paper": 3.595071645999269, "own": 0.02066231400021934, "gap": -99.42526002164065}