{"num_clients": 166, "paper": 6.288779766000516, "own": 0.11148394499832648, "gap": -98.22725633355695}