{"num_clients": 76, "paper": 3.9344482199994673, "own": 0.04361710599914659, "gap": -98.89140475207087}