{"num_clients": 9, "paper": 3.0984813900004156, "own": 0.0018359759997110814, "gap": -99.94074594071675}