{"num_clients": 112, "paper": 4.560790333999648, "own": 0.09263659099997312, "gap": -97.96884784837864}