{"num_clients": 49, "paper": 3.529630585999257, "own": 0.017353799998090835, "gap": -99.50833948269468}