{"num_clients": 129, "paper": 5.592959816996881, "own": 0.0620793899979617, "gap": -98.89004405486155}