{"num_clients": 138, "paper": 3.3669733000000006, "own": 0.00992280000000001, "gap": -99.70529020827104}