{"num_clients": 95, "paper": 4.626295443000345, "own": 0.07667823699921428, "gap": -98.34255641594983}