{"num_clients": 105, "paper": 4.212756860000809, "own": 0.07694145900313742, "gap": -98.17360788765951}