{"num_clients": 42, "paper": 1.1495719, "own": 0.0013695000000000235, "gap": -99.88086869555526}