{"num_clients": 55, "paper": 3.400723217000632, "own": 0.03303911300099571, "gap": -99.02846803774477}