{"num_clients": 26, "paper": 3.3772774829994887, "own": 0.004295355000067502, "gap": -99.87281604719513}