{"num_clients": 49, "paper": 3.6694767720000527, "own": 0.026937124999676598, "gap": -99.26591373448062}