{"num_clients": 21, "paper": 3.2488621639968187, "own": 0.004965502001141431, "gap": -99.8471618138754}