{"num_clients": 185, "paper": 8.286394064998603, "own": 0.19499996900049155, "gap": -97.64674516477362}