{"num_clients": 49, "paper": 3.5342849910011864, "own": 0.021655395998095628, "gap": -99.38727646318185}