{"num_clients": 30, "paper": 3.4542128880020755, "own": 0.005327270002453588, "gap": -99.84577470540518}