{"num_clients": 36, "paper": 3.326808678000816, "own": 0.012390145002427744, "gap": -99.62756665015455}