{"num_clients": 158, "paper": 6.599291776998143, "own": 0.16920335100076045, "gap": -97.43603773376836}