{"num_clients": 88, "paper": 4.7248148059989035, "own": 0.05783911300022737, "gap": -98.77584380816808}