{"num_clients": 27, "paper": 3.4217803000001368, "own": 0.00478198299970245, "gap": -99.86024868400516}