{"num_clients": 182, "paper": 7.6375598429985985, "own": 0.12139140700310236, "gap": -98.41059959596411}