{"num_clients": 25, "paper": 3.371978113998921, "own": 0.006996096999500878, "gap": -99.7925224671401}