{"num_clients": 147, "paper": 6.6924943959966186, "own": 0.16906048999953782, "gap": -97.47387924447621}