{"num_clients": 19, "paper": 3.4142191809987708, "own": 0.0027378140002838336, "gap": -99.91981141645738}