{"num_clients": 155, "paper": 7.156027138000354, "own": 0.2490590829984285, "gap": -96.51959001558475}