{"num_clients": 36, "paper": 3.2103219749988057, "own": 0.007616080998559482, "gap": -99.76276270548962}