{"num_clients": 118, "paper": 4.855445733999659, "own": 0.05688061999899219, "gap": -98.8285190873272}