{"num_clients": 211, "paper": 9.257621996001035, "own": 0.2537225930009299, "gap": -97.25931137488084}