{"num_clients": 113, "paper": 5.387898544000564, "own": 0.049869853999553015, "gap": -99.07440992824405}