{"num_clients": 77, "paper": 3.867069216998061, "own": 0.027196176000870764, "gap": -99.2967238372324}