{"num_clients": 205, "paper": 9.577290948000154, "own": 0.31910934999905294, "gap": -96.66806248518861}