{"num_clients": 55, "paper": 4.232905760999529, "own": 0.015300680000109423, "gap": -99.63853010522737}