{"num_clients": 99, "paper": 4.7263735120031924, "own": 0.07289679699897533, "gap": -98.45765898920504}