{"num_clients": 107, "paper": 4.548767274998681, "own": 0.0713424120003765, "gap": -98.43160997942245}