{"num_clients": 93, "paper": 4.696280408999883, "own": 0.0667481160016905, "gap": -98.57870250094574}