{"num_clients": 125, "paper": 5.497486496002239, "own": 0.09808683699884568, "gap": -98.2157875772833}