{"num_clients": 54, "paper": 3.5469263779996254, "own": 0.014561150999725214, "gap": -99.58947129294695}