{"num_clients": 167, "paper": 6.38496429999941, "own": 0.15300633600054425, "gap": -97.60364617856112}