{"num_clients": 94, "paper": 4.129855073999352, "own": 0.06277268899975752, "gap": -98.48002683205615}