{"num_clients": 61, "paper": 3.778533155000332, "own": 0.03602431200124556, "gap": -99.04660590436866}