{"num_clients": 80, "paper": 4.02884492999965, "own": 0.09759037300045748, "gap": -97.57770838302119}