{"num_clients": 156, "paper": 5.8438112499970885, "own": 0.24297595900134183, "gap": -95.84216620614735}