{"num_clients": 202, "paper": 8.786995976999606, "own": 0.2393919369997093, "gap": -97.27561116875061}