{"num_clients": 200, "paper": 8.565891240999917, "own": 0.31162477800171473, "gap": -96.3620273800565}