{"num_clients": 209, "paper": 7.667535292999673, "own": 0.27084453200041025, "gap": -96.46764544732274}