{"num_clients": 157, "paper": 7.090489242998956, "own": 0.15452809399903344, "gap": -97.82062860963208}