{"num_clients": 65, "paper": 3.87849751199974, "own": 0.04584767399865086, "gap": -98.81790116258159}