{"num_clients": 33, "paper": 3.4518778300007398, "own": 0.010054873000626685, "gap": -99.70871295289658}