{"num_clients": 107, "paper": 4.97662373699859, "own": 0.10724109299917473, "gap": -97.84510345433806}