{"num_clients": 120, "paper": 5.245373019999533, "own": 0.1273483410004701, "gap": -97.57217760271925}