{"num_clients": 130, "paper": 5.1040593729994725, "own": 0.19182057900070504, "gap": -96.24180353356707}