{"num_clients": 162, "paper": 6.266605814998911, "own": 0.2085141110001132, "gap": -96.67261485474256}