{"num_clients": 115, "paper": 5.080814732000363, "own": 0.053710471999693254, "gap": -98.94287678585464}