{"num_clients": 195, "paper": 6.817192956999861, "own": 0.46061652500065975, "gap": -93.24331102396476}