{"num_clients": 11, "paper": 0.965407, "own": 0.0002613999999998562, "gap": -99.97292333699674}