{"num_clients": 86, "paper": 4.819940094000231, "own": 0.05202016499970341, "gap": -98.92073005088886}