{"num_clients": 214, "paper": 10.308562898999298, "own": 0.15735202999894682, "gap": -98.47357937725518}