{"num_clients": 82, "paper": 4.29479213599916, "own": 0.04859421600122005, "gap": -98.86853159681696}