{"num_clients": 189, "paper": 7.303826672001378, "own": 0.37471787499998754, "gap": -94.86956780564853}