{"num_clients": 214, "paper": 7.9000887450001755, "own": 0.16095235400007368, "gap": -97.96265131702555}