{"num_clients": 114, "paper": 2.6143185, "own": 0.007808300000000212, "gap": -99.7013256035942}