{"num_clients": 143, "paper": 6.0344486520007194, "own": 0.07477308300076402, "gap": -98.76089619262942}