{"num_clients": 35, "paper": 3.7024535200034734, "own": 0.017271561002417002, "gap": -99.53351038955377}