{"num_clients": 22, "paper": 3.1491966439998578, "own": 0.005166926000129024, "gap": -99.83592875948304}