{"num_clients": 105, "paper": 5.123109041000134, "own": 0.04582651599957899, "gap": -99.10549403432896}