{"num_clients": 21, "paper": 3.2311888830008684, "own": 0.0029785960014123702, "gap": -99.90781733568463}