{"num_clients": 55, "paper": 3.5405859279999277, "own": 0.025011435000124038, "gap": -99.29357921234656}