{"num_clients": 106, "paper": 4.75742176499989, "own": 0.10627113899954566, "gap": -97.76620311906383}