{"num_clients": 54, "paper": 3.572848874999181, "own": 0.018832675999874482, "gap": -99.47289469387705}