{"num_clients": 159, "paper": 5.389062049999666, "own": 0.09520524900017335, "gap": -98.23336142510774}