{"num_clients": 150, "paper": 5.180265577999307, "own": 0.13918220899904554, "gap": -97.31322251912808}