{"num_clients": 180, "paper": 6.0021974, "own": 0.01499999999999968, "gap": -99.7500915248139}