{"num_clients": 111, "paper": 4.7446469480019005, "own": 0.0860626770008821, "gap": -98.18610998997248}