{"num_clients": 159, "paper": 6.24633356799859, "own": 0.168815289000122, "gap": -97.29736993450044}