{"num_clients": 125, "paper": 5.51856586500071, "own": 0.07000134299960337, "gap": -98.73153017084458}