{"num_clients": 155, "paper": 6.55115807600032, "own": 0.15164021799955663, "gap": -97.68529142114461}