{"num_clients": 195, "paper": 8.311361280999336, "own": 0.27781383500041557, "gap": -96.65742078093118}