{"num_clients": 143, "paper": 5.857250921999366, "own": 0.13285880600233213, "gap": -97.73172077188421}