{"num_clients": 203, "paper": 10.047673117998784, "own": 0.2350158899989765, "gap": -97.66099188101587}