{"num_clients": 154, "paper": 7.30319528399923, "own": 0.0949647549969086, "gap": -98.69968210757051}