{"num_clients": 28, "paper": 3.345924367000407, "own": 0.007897567999862076, "gap": -99.76396453913445}