{"num_clients": 103, "paper": 5.18063578300098, "own": 0.0506348139988404, "gap": -99.02261390069175}