{"num_clients": 30, "paper": 3.412257146999764, "own": 0.005604678000054264, "gap": -99.835748662583}