{"num_clients": 71, "paper": 4.458858398000302, "own": 0.03829237500031013, "gap": -99.14120674885115}