{"num_clients": 140, "paper": 5.895823402000133, "own": 0.1137308170000324, "gap": -98.07099349411568}