{"num_clients": 97, "paper": 4.427383146000466, "own": 0.07428653300030419, "gap": -98.32211194399537}