{"num_clients": 60, "paper": 3.899150047999683, "own": 0.029373384999416885, "gap": -99.24667210448888}