{"num_clients": 44, "paper": 3.716181916000096, "own": 0.022571817000425654, "gap": -99.39260731819284}