{"num_clients": 52, "paper": 3.6022748579998733, "own": 0.03290353400007007, "gap": -99.08659013270466}