{"num_clients": 45, "paper": 3.2934249009995256, "own": 0.016899685997486813, "gap": -99.48686590690566}