{"num_clients": 104, "paper": 4.113371339000878, "own": 0.08116112400239217, "gap": -98.02689528093747}