{"num_clients": 92, "paper": 1.9924353, "own": 0.004300699999999935, "gap": -99.78414857436023}