{"num_clients": 177, "paper": 8.222858508999707, "own": 0.2648169770000095, "gap": -96.77950220461445}