{"num_clients": 34, "paper": 3.477389010000479, "own": 0.011427764999098144, "gap": -99.67136938184846}