{"num_clients": 95, "paper": 5.070620467999106, "own": 0.0623422569988179, "gap": -98.77052014852497}