{"num_clients": 66, "paper": 3.798278868000125, "own": 0.021101317999637104, "gap": -99.44445053317669}