{"num_clients": 122, "paper": 5.297041971999533, "own": 0.08501616299963644, "gap": -98.39502568699594}