{"num_clients": 13, "paper": 3.146385715001088, "own": 0.0013168039986339863, "gap": -99.95814867858203}