{"num_clients": 96, "paper": 4.514618814000642, "own": 0.060926395999558736, "gap": -98.65046422500578}