{"num_clients": 117, "paper": 5.174635618001048, "own": 0.08919492900167825, "gap": -98.27630512395123}