{"num_clients": 88, "paper": 4.105587527001262, "own": 0.04632934999972349, "gap": -98.87155371320112}