{"num_clients": 21, "paper": 3.278860684000392, "own": 0.0033295950015599374, "gap": -99.89845268456183}