{"num_clients": 153, "paper": 6.634308605000115, "own": 0.1983690460001526, "gap": -97.00995148385701}