{"num_clients": 133, "paper": 5.530751758999941, "own": 0.10923158500008867, "gap": -98.0250137818545}