{"num_clients": 161, "paper": 5.8437335540002096, "own": 0.16398797400324838, "gap": -97.19378078264718}