{"num_clients": 5, "paper": 3.1195208999997703, "own": 0.00040201699812314473, "gap": -99.9871128608844}