{"num_clients": 55, "paper": 4.073075418999906, "own": 0.03452945800017915, "gap": -99.15225095417807}