{"num_clients": 157, "paper": 7.318959146999987, "own": 0.15361502599989763, "gap": -97.90113562714906}