{"num_clients": 39, "paper": 3.399865070998203, "own": 0.01365896799688926, "gap": -99.59824970368959}