{"num_clients": 36, "paper": 3.5949056219997146, "own": 0.01345953100008046, "gap": -99.6255943155305}