{"num_clients": 61, "paper": 4.065096737002023, "own": 0.03218508300051326, "gap": -99.20825788209288}