{"num_clients": 134, "paper": 5.247995138000988, "own": 0.07434497900248971, "gap": -98.58336417912902}