{"num_clients": 8, "paper": 3.1666463440014923, "own": 0.001109381002606824, "gap": -99.96496669087446}