{"num_clients": 69, "paper": 4.063541609000822, "own": 0.03654207600084192, "gap": -99.10073331303165}