{"num_clients": 199, "paper": 8.585823891000473, "own": 0.3208702270003414, "gap": -96.26279048960377}