{"num_clients": 100, "paper": 4.2566428930003894, "own": 0.07238213000164251, "gap": -98.29954892103665}