{"num_clients": 94, "paper": 4.581219174997386, "own": 0.06649312900117366, "gap": -98.54857131996503}