{"num_clients": 176, "paper": 5.1976802, "own": 0.014507499999999673, "gap": -99.72088509793274}