{"num_clients": 25, "paper": 3.2932140239972796, "own": 0.004382726998301223, "gap": -99.86691642370144}