{"num_clients": 70, "paper": 4.154083304998494, "own": 0.02211576600166154, "gap": -99.46761380603392}