{"num_clients": 102, "paper": 5.143978042000526, "own": 0.076477106999846, "gap": -98.51326917853437}