{"num_clients": 147, "paper": 5.6356313550004415, "own": 0.09232420199987246, "gap": -98.36177712514936}