{"num_clients": 151, "paper": 6.318211385001632, "own": 0.139363329999469, "gap": -97.7942597753172}