{"num_clients": 121, "paper": 5.487046074998943, "own": 0.06741464199876646, "gap": -98.77138553098847}