{"num_clients": 13, "paper": 3.188889499000652, "own": 0.0016216329986491473, "gap": -99.94914740698424}