{"num_clients": 101, "paper": 2.7787462, "own": 0.005676900000000096, "gap": -99.79570282453287}