{"num_clients": 149, "paper": 6.2555852019995655, "own": 0.14133947000027547, "gap": -97.74058756397248}