{"num_clients": 175, "paper": 5.005552499999999, "own": 0.016118200000000193, "gap": -99.67799358812039}