{"num_clients": 28, "paper": 3.3249271770000632, "own": 0.011070718999690143, "gap": -99.66703875272003}