{"num_clients": 15, "paper": 3.2328436949992465, "own": 0.0030688639999425504, "gap": -99.90507230508268}