{"num_clients": 210, "paper": 7.1951795999999995, "own": 0.02044789999999974, "gap": -99.7158111244367}