{"num_clients": 125, "paper": 4.58505161299945, "own": 0.10836151700004848, "gap": -97.63663473944713}