{"num_clients": 209, "paper": 9.204802973999904, "own": 0.24599262199990335, "gap": -97.32756233137482}