{"num_clients": 30, "paper": 3.7387682660009887, "own": 0.004927743000735063, "gap": -99.86819875825024}