{"num_clients": 48, "paper": 3.541072736999922, "own": 0.029904354003519984, "gap": -99.1555001485551}