{"num_clients": 84, "paper": 3.731052228000408, "own": 0.06810111100003269, "gap": -98.17474785024571}