{"num_clients": 69, "paper": 3.9033106089991634, "own": 0.030812699002126465, "gap": -99.2106008952737}