{"num_clients": 77, "paper": 3.7316357830022753, "own": 0.056537329001002945, "gap": -98.48491834978826}