{"num_clients": 81, "paper": 2.4508973999999997, "own": 0.0038439000000001222, "gap": -99.84316356939298}