{"num_clients": 42, "paper": 3.247566232999816, "own": 0.015105775000847643, "gap": -99.53485860127034}