{"num_clients": 156, "paper": 6.103713582000637, "own": 0.10317677100101719, "gap": -98.30960660891301}