{"num_clients": 125, "paper": 4.980921984999441, "own": 0.0633722710008442, "gap": -98.7276999882412}