{"num_clients": 84, "paper": 4.52071263400012, "own": 0.10645910499988531, "gap": -97.64508134847568}