{"num_clients": 96, "paper": 4.256978511999478, "own": 0.08391702700100723, "gap": -98.02871856730158}