{"num_clients": 202, "paper": 8.688371124997502, "own": 0.24093683200044325, "gap": -97.22690446190497}