{"num_clients": 164, "paper": 6.336216001000139, "own": 0.28847625500020513, "gap": -95.44718401401293}