{"num_clients": 115, "paper": 4.882975729000464, "own": 0.08676047100016149, "gap": -98.22320495093018}