{"num_clients": 48, "paper": 3.711883570002101, "own": 0.011294544998236233, "gap": -99.69571930839874}