{"num_clients": 120, "paper": 5.747256393999123, "own": 0.06122849399980623, "gap": -98.9346482947283}