{"num_clients": 145, "paper": 6.127146323000488, "own": 0.07249864999994315, "gap": -98.81676320136516}