{"num_clients": 6, "paper": 0.9128178, "own": 0.00021300000000001873, "gap": -99.97666566098951}