{"num_clients": 8, "paper": 3.233289114999934, "own": 0.000817944999653264, "gap": -99.97470238600505}