{"num_clients": 89, "paper": 4.224035202999403, "own": 0.06179770499966253, "gap": -98.5369983432955}