{"num_clients": 29, "paper": 3.3047207569979946, "own": 0.008500574000208871, "gap": -99.74277481744235}