{"num_clients": 130, "paper": 4.678595929999574, "own": 0.1163277100004052, "gap": -97.51361921950769}