{"num_clients": 24, "paper": 3.298866519000512, "own": 0.003868042000249261, "gap": -99.88274633186973}