{"num_clients": 178, "paper": 7.00305827900047, "own": 0.22000211700014916, "gap": -96.85848513270477}