{"num_clients": 66, "paper": 4.29014120300053, "own": 0.03402234800159931, "gap": -99.2069643773542}