{"num_clients": 112, "paper": 4.823101926000163, "own": 0.10560042999986763, "gap": -97.81052875058266}