{"num_clients": 39, "paper": 3.683211763000145, "own": 0.01777400999708334, "gap": -99.51743176497119}