{"num_clients": 189, "paper": 8.149124794000272, "own": 0.20749067300039314, "gap": -97.45382874547268}