{"num_clients": 53, "paper": 4.033273609999924, "own": 0.024764476999735052, "gap": -99.38599561065395}