{"num_clients": 114, "paper": 4.809452625999256, "own": 0.09043299100085278, "gap": -98.1196822583929}