{"num_clients": 162, "paper": 4.6587239, "own": 0.012389800000000228, "gap": -99.73405163589969}