{"num_clients": 186, "paper": 7.93231631999879, "own": 0.13266453500000353, "gap": -98.32754356170173}