{"num_clients": 210, "paper": 9.315640226999676, "own": 0.33106082399899606, "gap": -96.44618280728064}