{"num_clients": 164, "paper": 7.511508841998875, "own": 0.23669085599976825, "gap": -96.84895723378017}