{"num_clients": 29, "paper": 0.9560911, "own": 0.0005934000000000772, "gap": -99.93793478466642}