{"num_clients": 82, "paper": 5.299277070000244, "own": 0.04943555499994545, "gap": -99.06712643353175}