{"num_clients": 47, "paper": 3.485506852999606, "own": 0.018756217000373, "gap": -99.46187978416306}