{"num_clients": 5, "paper": 3.1822329059996264, "own": 0.00040875999911804684, "gap": -99.98715493142103}