{"num_clients": 164, "paper": 5.521321620002709, "own": 0.1591684559971327, "gap": -97.1172036886876}