{"num_clients": 116, "paper": 5.570170025001062, "own": 0.059435880999444635, "gap": -98.93296109934394}