{"num_clients": 149, "paper": 6.205217171998811, "own": 0.22812402000272414, "gap": -96.32367387507178}