{"num_clients": 77, "paper": 3.9630107060002047, "own": 0.06348917500145035, "gap": -98.39795600588904}