{"num_clients": 214, "paper": 8.628506239001581, "own": 0.15810498499922687, "gap": -98.16764361501438}