{"num_clients": 206, "paper": 7.416503395999825, "own": 0.14839062999999442, "gap": -97.99918341465292}