{"num_clients": 54, "paper": 3.591810857999917, "own": 0.017108336999626772, "gap": -99.52368491337673}