{"num_clients": 70, "paper": 3.805955391999305, "own": 0.02324943000348867, "gap": -99.38913025485368}