{"num_clients": 112, "paper": 5.51670225700218, "own": 0.07722400299826404, "gap": -98.60017816077992}