{"num_clients": 23, "paper": 3.4013905040010286, "own": 0.007632788001501467, "gap": -99.77559800932815}