{"num_clients": 121, "paper": 6.701629086001049, "own": 0.1331998610003211, "gap": -98.01242564619757}