{"num_clients": 187, "paper": 7.330454019996978, "own": 0.20427458499761997, "gap": -97.21334334216716}