{"num_clients": 93, "paper": 4.615805759999603, "own": 0.038900890999684634, "gap": -99.15722426327385}