{"num_clients": 160, "paper": 6.577887594001368, "own": 0.13793942100164713, "gap": -97.90298300129909}