{"num_clients": 125, "paper": 4.907869851002033, "own": 0.14617714500127477, "gap": -97.02157658130584}