{"num_clients": 192, "paper": 8.733190808998188, "own": 0.2119878269986657, "gap": -97.57261885563928}