{"num_clients": 18, "paper": 3.436010727999019, "own": 0.0023464059995603748, "gap": -99.93171133080465}