{"num_clients": 205, "paper": 9.815865328000655, "own": 0.15509674200075096, "gap": -98.41993816318646}