{"num_clients": 67, "paper": 1.5197935, "own": 0.0028442000000001855, "gap": -99.81285615447098}