{"num_clients": 168, "paper": 6.3550737380028295, "own": 0.22250196100139874, "gap": -96.49882959389039}