{"num_clients": 211, "paper": 8.45874954700048, "own": 0.35368577700137394, "gap": -95.81869902831214}