{"num_clients": 82, "paper": 2.1058187, "own": 0.003804099999999977, "gap": -99.8193529196032}