{"num_clients": 31, "paper": 3.180546814997797, "own": 0.00865217200043844, "gap": -99.72796589694454}