{"num_clients": 83, "paper": 4.564250692000314, "own": 0.0325574600001346, "gap": -99.28668554386817}