{"num_clients": 96, "paper": 4.8678738359994895, "own": 0.06522508399939397, "gap": -98.66009091038815}