{"num_clients": 172, "paper": 7.786028323999744, "own": 0.3166040200003408, "gap": -95.93369036400192}