{"num_clients": 55, "paper": 1.6435046000000002, "own": 0.002011500000000055, "gap": -99.87760910434933}