{"num_clients": 23, "paper": 3.312436295000225, "own": 0.003918126998541993, "gap": -99.88171464597052}