{"num_clients": 74, "paper": 1.8048837, "own": 0.0027359000000002354, "gap": -99.84841682597055}