{"num_clients": 20, "paper": 3.330731027999718, "own": 0.0030391889995371457, "gap": -99.90875309432109}