{"num_clients": 17, "paper": 3.2194698230014183, "own": 0.0022327110018522944, "gap": -99.93064973040279}