{"num_clients": 169, "paper": 4.5818561, "own": 0.0141903000000001, "gap": -99.69029363449454}