{"num_clients": 211, "paper": 9.036597584999981, "own": 0.4582992600007856, "gap": -94.92840910873883}