{"num_clients": 71, "paper": 1.9046309, "own": 0.00359419999999977, "gap": -99.8112915211026}