{"num_clients": 42, "paper": 3.562570866000897, "own": 0.015208028999040835, "gap": -99.57311644957923}