{"num_clients": 112, "paper": 5.757010121998974, "own": 0.04943182699935278, "gap": -99.14136286107156}