{"num_clients": 155, "paper": 6.174185357999704, "own": 0.1870615950001593, "gap": -96.97026272854298}