{"num_clients": 16, "paper": 3.338777716002369, "own": 0.002073191000818042, "gap": -99.93790568953179}