{"num_clients": 182, "paper": 7.919792053000492, "own": 0.2090653690011095, "gap": -97.36021643495168}