{"num_clients": 214, "paper": 8.721385541999553, "own": 0.15782267499980662, "gap": -98.19039447069757}