{"num_clients": 30, "paper": 1.0689139, "own": 0.0006498000000001447, "gap": -99.93920932265918}