{"num_clients": 67, "paper": 3.891269279996777, "own": 0.037322659001802094, "gap": -99.04086157198986}