{"num_clients": 185, "paper": 7.9049520999978995, "own": 0.2133614939994004, "gap": -97.30091351218361}