{"num_clients": 121, "paper": 3.2489664000000005, "own": 0.007318000000000158, "gap": -99.77475913570542}