{"num_clients": 214, "paper": 9.322899460999906, "own": 0.1609388239994587, "gap": -98.2737256293205}