{"num_clients": 204, "paper": 8.88152287200137, "own": 0.1588902710009279, "gap": -98.21100194988156}