{"num_clients": 199, "paper": 7.827991879000365, "own": 0.2983995929998855, "gap": -96.188044167491}