{"num_clients": 154, "paper": 5.773078019999957, "own": 0.20634189100019285, "gap": -96.425790708434}