{"num_clients": 48, "paper": 3.381188975999976, "own": 0.01968002899957355, "gap": -99.41795536601875}