{"num_clients": 128, "paper": 4.730325611999433, "own": 0.10651134599902434, "gap": -97.74832950761704}