{"num_clients": 30, "paper": 3.3207244779987377, "own": 0.007873718999690027, "gap": -99.7628915300906}