{"num_clients": 143, "paper": 6.513816982999742, "own": 0.13252830599958543, "gap": -97.96542785366141}