{"num_clients": 16, "paper": 3.2749362499998824, "own": 0.0027983030004179454, "gap": -99.91455397031261}