{"num_clients": 130, "paper": 5.132404214999951, "own": 0.1880188260001887, "gap": -96.33663253859301}