{"num_clients": 15, "paper": 3.31980418600142, "own": 0.001995677997911116, "gap": -99.93988567138007}