{"num_clients": 210, "paper": 10.27602892699906, "own": 0.24706699200032745, "gap": -97.59569583001866}