{"num_clients": 168, "paper": 7.2778604920004, "own": 0.18591784099953657, "gap": -97.44543274491326}