{"num_clients": 17, "paper": 3.3947141740000006, "own": 0.0037118530008228845, "gap": -99.89065786365015}