{"num_clients": 111, "paper": 2.5660847999999996, "own": 0.006207600000000202, "gap": -99.75809061337333}