{"num_clients": 172, "paper": 7.056656196000404, "own": 0.23049768599958043, "gap": -96.7336132071983}