{"num_clients": 119, "paper": 5.107365629000924, "own": 0.06379412200112711, "gap": -98.75093880808362}