{"num_clients": 11, "paper": 3.2322340659993642, "own": 0.0016728970003896393, "gap": -99.94824332129943}