{"num_clients": 180, "paper": 6.920420747999742, "own": 0.12252659499790752, "gap": -98.22949211529772}