{"num_clients": 71, "paper": 3.7421452029993816, "own": 0.03796160099955159, "gap": -98.98556579340843}