{"num_clients": 24, "paper": 3.1958365110003797, "own": 0.0057406160012760665, "gap": -99.82037203775862}