{"num_clients": 77, "paper": 3.8159486599979573, "own": 0.03315454699986731, "gap": -99.13115846270622}