{"num_clients": 11, "paper": 3.1328071640000417, "own": 0.0012419939994288143, "gap": -99.96035523623347}