{"num_clients": 106, "paper": 5.008308832999319, "own": 0.05143806699925335, "gap": -98.97294538507026}