{"num_clients": 75, "paper": 3.985360145998129, "own": 0.061758987001667265, "gap": -98.45035367597374}