{"num_clients": 145, "paper": 6.024946204000116, "own": 0.1780629439999757, "gap": -97.04457205141924}