{"num_clients": 133, "paper": 5.870500711000204, "own": 0.10523670999828028, "gap": -98.20736398513526}