{"num_clients": 120, "paper": 5.237039257000106, "own": 0.1981632709994301, "gap": -96.21612019167979}