{"num_clients": 7, "paper": 3.1202043419980328, "own": 0.0009272850002162158, "gap": -99.97028127332128}