{"num_clients": 34, "paper": 3.487739604000126, "own": 0.010693449999962468, "gap": -99.69339884239929}