{"num_clients": 185, "paper": 7.828052216999822, "own": 0.2041923319993657, "gap": -97.39153078774908}