{"num_clients": 66, "paper": 3.6492622519981524, "own": 0.05116142200131435, "gap": -98.5980338362007}