{"num_clients": 33, "paper": 3.288431898003182, "own": 0.009657922000769759, "gap": -99.70630615745351}