{"num_clients": 203, "paper": 8.830413380999744, "own": 0.14832715000011376, "gap": -98.3202694641763}