{"num_clients": 140, "paper": 5.941617253000004, "own": 0.07446318399888696, "gap": -98.74675225905389}