{"num_clients": 49, "paper": 1.3079587, "own": 0.0020575999999998817, "gap": -99.84268616432614}