{"num_clients": 131, "paper": 3.1892237999999997, "own": 0.008549399999999707, "gap": -99.73192850247763}