{"num_clients": 26, "paper": 3.283192558999872, "own": 0.004348700000264216, "gap": -99.86754660525946}