{"num_clients": 145, "paper": 6.5988452970013896, "own": 0.22703242900024634, "gap": -96.55951278167693}