{"num_clients": 102, "paper": 4.524311928000316, "own": 0.09358553099991695, "gap": -97.93149693281028}