{"num_clients": 59, "paper": 3.893156579000788, "own": 0.017491704998974456, "gap": -99.55070635757825}