{"num_clients": 109, "paper": 4.901425703999848, "own": 0.14111515999684343, "gap": -97.12093646789984}