{"num_clients": 180, "paper": 7.558609427998817, "own": 0.23318008899877896, "gap": -96.91503984668097}