{"num_clients": 38, "paper": 3.945600838000246, "own": 0.014215944000170566, "gap": -99.63970141471849}