{"num_clients": 145, "paper": 6.214137398001185, "own": 0.12740047499937646, "gap": -97.94982848238348}