{"num_clients": 181, "paper": 7.010337497998989, "own": 0.2882907860002888, "gap": -95.88763328323954}