{"num_clients": 75, "paper": 3.8002420449993224, "own": 0.027421569000580348, "gap": -99.27842572457551}