{"num_clients": 13, "paper": 3.1708655780021218, "own": 0.002068123998469673, "gap": -99.93477730456891}