{"num_clients": 192, "paper": 8.209724490000553, "own": 0.2918639149993396, "gap": -96.44490000419832}