{"num_clients": 37, "paper": 3.6136628430012934, "own": 0.018767726000078255, "gap": -99.480645350287}