{"num_clients": 81, "paper": 4.3731924680032535, "own": 0.08076623499800917, "gap": -98.15315160288644}