{"num_clients": 146, "paper": 6.821209342000657, "own": 0.07898943000327563, "gap": -98.84200255346352}