{"num_clients": 106, "paper": 2.9363566, "own": 0.006832399999999961, "gap": -99.7673170894843}