{"num_clients": 43, "paper": 3.3836248599982355, "own": 0.015912132999801543, "gap": -99.5297311712088}