{"num_clients": 192, "paper": 8.250170234001416, "own": 0.30366157200114685, "gap": -96.3193296212281}