{"num_clients": 179, "paper": 6.947128219999286, "own": 0.24668444200142403, "gap": -96.44911632275229}