{"num_clients": 180, "paper": 6.23141073700026, "own": 0.24371584199980134, "gap": -96.08891385456765}