{"num_clients": 38, "paper": 3.350658702999681, "own": 0.013283505000799778, "gap": -99.6035554146739}