{"num_clients": 153, "paper": 7.046671388001414, "own": 0.09550805399703677, "gap": -98.64463590341872}