{"num_clients": 101, "paper": 4.659504838997236, "own": 0.06867740399684408, "gap": -98.52607935027655}