{"num_clients": 163, "paper": 6.710313597002823, "own": 0.15819955600090907, "gap": -97.64244168750072}