{"num_clients": 123, "paper": 4.52780152699961, "own": 0.09771762400032458, "gap": -97.84183066731995}