{"num_clients": 167, "paper": 6.3226358800020535, "own": 0.15938016300060553, "gap": -97.47921332138213}