{"num_clients": 24, "paper": 3.563084157999583, "own": 0.008438720000413014, "gap": -99.76316248434752}