{"num_clients": 8, "paper": 3.1721329939973657, "own": 0.001097491000109585, "gap": -99.96540211264198}