{"num_clients": 175, "paper": 7.342797407000035, "own": 0.2548822150001797, "gap": -96.52881319104357}