{"num_clients": 166, "paper": 5.774755905000347, "own": 0.16837222299909627, "gap": -97.0843404332761}