{"num_clients": 47, "paper": 3.5133514030021615, "own": 0.018345959000725998, "gap": -99.47782168942597}