{"num_clients": 121, "paper": 4.376045090999469, "own": 0.13611175499863748, "gap": -96.88961717331047}