{"num_clients": 147, "paper": 5.645187780999549, "own": 0.13650270799917052, "gap": -97.58196337669035}