{"num_clients": 203, "paper": 8.921360104999621, "own": 0.315669968000293, "gap": -96.46163853622063}