{"num_clients": 68, "paper": 1.5580492000000001, "own": 0.0027485000000000426, "gap": -99.8235935039792}