{"num_clients": 93, "paper": 3.9564258450000125, "own": 0.08175059399945894, "gap": -97.93372611538335}