{"num_clients": 102, "paper": 5.036771319999389, "own": 0.09171730699927139, "gap": -98.17904563911624}