{"num_clients": 25, "paper": 3.2012368100004096, "own": 0.004666535000069416, "gap": -99.85422712292038}