{"num_clients": 200, "paper": 7.7353606809992925, "own": 0.3954735190000065, "gap": -94.88745857744648}