{"num_clients": 184, "paper": 7.521714731999964, "own": 0.18455358500068542, "gap": -97.54638946601456}