{"num_clients": 7, "paper": 3.2031653990006816, "own": 0.0005966019998595584, "gap": -99.98137461150006}