{"num_clients": 26, "paper": 3.319918224999128, "own": 0.007229004997498123, "gap": -99.78225352229873}