{"num_clients": 17, "paper": 3.141875753000022, "own": 0.0022873439993418287, "gap": -99.9271981396095}