{"num_clients": 138, "paper": 5.919700794000164, "own": 0.11792973399951734, "gap": -98.00784299572972}