{"num_clients": 99, "paper": 4.320069835999675, "own": 0.042530372999863175, "gap": -99.01551653990748}