{"num_clients": 51, "paper": 3.7092423520007287, "own": 0.018904929998825537, "gap": -99.4903290697997}