{"num_clients": 101, "paper": 5.410303042000123, "own": 0.06963010399977065, "gap": -98.71300917048022}