{"num_clients": 57, "paper": 3.911434197001654, "own": 0.016381580997403944, "gap": -99.58118735552392}