{"num_clients": 36, "paper": 3.4413375559997803, "own": 0.00753369399899384, "gap": -99.78108238798431}