{"num_clients": 109, "paper": 5.076690559999406, "own": 0.04903985700002522, "gap": -99.03401918197609}