{"num_clients": 60, "paper": 4.103042318000007, "own": 0.030479131999527453, "gap": -99.25715774692804}