{"num_clients": 58, "paper": 3.918342543001927, "own": 0.03371089000211214, "gap": -99.1396645486669}