{"num_clients": 65, "paper": 3.759494070999608, "own": 0.044450555000366876, "gap": -98.81764529585897}