{"num_clients": 87, "paper": 4.476516467999318, "own": 0.09771584600093774, "gap": -97.81714539197016}