{"num_clients": 204, "paper": 9.498836901999312, "own": 0.31663988799846265, "gap": -96.66654042736731}