{"num_clients": 182, "paper": 8.379517774000306, "own": 0.1773990909996428, "gap": -97.88294391414658}