{"num_clients": 180, "paper": 6.8972731900003055, "own": 0.11783849899984489, "gap": -98.29152049290019}