{"num_clients": 14, "paper": 3.2914469949973864, "own": 0.0032861359977687243, "gap": -99.90016135751955}