{"num_clients": 77, "paper": 1.7143787000000001, "own": 0.0028316999999997705, "gap": -99.83482645928815}