{"num_clients": 158, "paper": 7.063625052000134, "own": 0.15023576699968544, "gap": -97.87310671371006}