{"num_clients": 115, "paper": 5.660738221999964, "own": 0.08312504700006684, "gap": -98.53155112036433}