{"num_clients": 67, "paper": 4.406504458998825, "own": 0.033615793003264116, "gap": -99.2371324410074}