{"num_clients": 170, "paper": 5.842582580000453, "own": 0.11081188399839448, "gap": -98.10337496336447}