{"num_clients": 120, "paper": 5.37889329599966, "own": 0.05944782199912879, "gap": -98.89479454735901}