{"num_clients": 188, "paper": 8.62366371600001, "own": 0.22318106699822238, "gap": -97.411992462274}