{"num_clients": 32, "paper": 3.556647724999493, "own": 0.006505458000901854, "gap": -99.81709017862029}