{"num_clients": 44, "paper": 3.4714637489996676, "own": 0.010026292999100406, "gap": -99.71117967163016}