{"num_clients": 212, "paper": 9.493350549999377, "own": 0.33578969100017275, "gap": -96.46289590559579}