{"num_clients": 130, "paper": 6.056290488999366, "own": 0.06802198500008672, "gap": -98.87683747793072}