{"num_clients": 153, "paper": 6.539992039000026, "own": 0.21287702399968111, "gap": -96.74499567078631}