{"num_clients": 82, "paper": 4.7152407329995185, "own": 0.024888410000130534, "gap": -99.47217095776362}