{"num_clients": 107, "paper": 6.0470072839998465, "own": 0.07877457599897753, "gap": -98.6972964923093}