{"num_clients": 118, "paper": 4.796285219003039, "own": 0.1055970849993173, "gap": -97.79835684956895}