{"num_clients": 119, "paper": 2.5687762999999997, "own": 0.007163400000000042, "gap": -99.7211357018515}