{"num_clients": 85, "paper": 4.319003832999442, "own": 0.05297217999941495, "gap": -98.77350930798718}