{"num_clients": 108, "paper": 5.497873741998774, "own": 0.05478677700011758, "gap": -99.0034915392546}