{"num_clients": 55, "paper": 3.6641841660002683, "own": 0.038402614000006, "gap": -98.9519464017027}