{"num_clients": 149, "paper": 4.158700700000001, "own": 0.011241899999999916, "gap": -99.72967758896428}