{"num_clients": 86, "paper": 4.5069103140012885, "own": 0.0730167559995607, "gap": -98.37989329912502}