{"num_clients": 89, "paper": 4.453393044997938, "own": 0.03863383299903944, "gap": -99.13248544180414}