{"num_clients": 199, "paper": 8.642110769997089, "own": 0.13045798600069247, "gap": -98.49043839551786}