{"num_clients": 72, "paper": 3.6952655209988734, "own": 0.03743734000090626, "gap": -98.98688362749137}