{"num_clients": 199, "paper": 8.665729201999056, "own": 0.4136015080002835, "gap": -95.22715863421082}