{"num_clients": 30, "paper": 3.4055802349994337, "own": 0.01261884999985341, "gap": -99.62946549107349}