{"num_clients": 40, "paper": 1.3195440999999999, "own": 0.0010760999999999132, "gap": -99.91844910677862}