{"num_clients": 6, "paper": 3.1898391819995595, "own": 0.0004922070002066903, "gap": -99.98456953557458}