{"num_clients": 145, "paper": 6.784270981000191, "own": 0.19400465800026723, "gap": -97.14037575233078}