{"num_clients": 183, "paper": 7.112532704999467, "own": 0.1210906279993651, "gap": -98.29750339264874}