{"num_clients": 146, "paper": 6.729834938998465, "own": 0.12624302400035958, "gap": -98.12412896980878}