{"num_clients": 204, "paper": 8.841395290997752, "own": 0.4380937579990132, "gap": -95.04497035162451}