{"num_clients": 146, "paper": 3.5693213999999998, "own": 0.009729500000000613, "gap": -99.72741317159053}