{"num_clients": 135, "paper": 6.739518757000042, "own": 0.10628254000039306, "gap": -98.42299511534111}