{"num_clients": 133, "paper": 5.290526316999603, "own": 0.06961837399921933, "gap": -98.68409360755808}