{"num_clients": 104, "paper": 4.4134701439998025, "own": 0.07409603999985848, "gap": -98.32113875063608}