{"num_clients": 77, "paper": 4.004855064002186, "own": 0.04665166999984649, "gap": -98.83512213914614}