{"num_clients": 120, "paper": 4.368331026998931, "own": 0.09680383299928508, "gap": -97.78396297347938}