{"num_clients": 110, "paper": 4.332635271000072, "own": 0.05236179299936339, "gap": -98.79145624489003}