{"num_clients": 8, "paper": 3.2076032850000047, "own": 0.000697299999956158, "gap": -99.97826102737775}