{"num_clients": 67, "paper": 4.495368962001521, "own": 0.03575486599947908, "gap": -99.20462889027112}