{"num_clients": 107, "paper": 4.98938097700011, "own": 0.0790653209987795, "gap": -98.41532804643998}