{"num_clients": 38, "paper": 3.3199509300011414, "own": 0.007868901000620099, "gap": -99.76298140645659}