{"num_clients": 110, "paper": 5.548408308000944, "own": 0.13436593799997354, "gap": -97.57829758480077}