{"num_clients": 77, "paper": 4.549908650998987, "own": 0.033813861999078654, "gap": -99.25682327728373}