{"num_clients": 46, "paper": 3.46118905899948, "own": 0.013177562999771908, "gap": -99.61927641700159}