{"num_clients": 7, "paper": 3.0971643720004067, "own": 0.0009209859999828041, "gap": -99.97026357372863}