{"num_clients": 75, "paper": 4.361933988999226, "own": 0.03773904400077299, "gap": -99.13480937364135}