{"num_clients": 214, "paper": 9.5721469730006, "own": 0.15231891399980668, "gap": -98.40872779712387}