{"num_clients": 156, "paper": 7.21775629900003, "own": 0.2210228059993824, "gap": -96.93779068115664}