{"num_clients": 149, "paper": 6.993158598001173, "own": 0.1271243779992801, "gap": -98.18216080448089}