{"num_clients": 88, "paper": 4.059748418000709, "own": 0.05841548199987301, "gap": -98.56110586210559}