{"num_clients": 132, "paper": 5.999793255003169, "own": 0.07159120600044844, "gap": -98.80677211767673}