{"num_clients": 152, "paper": 5.577759091000189, "own": 0.25566063199948985, "gap": -95.41642749662668}