{"num_clients": 73, "paper": 4.5657818489999045, "own": 0.03592637600013404, "gap": -99.21313857761287}