{"num_clients": 56, "paper": 3.614292323999507, "own": 0.015966498000125284, "gap": -99.55823999364675}