{"num_clients": 10, "paper": 3.1430428189996746, "own": 0.0014551720005329116, "gap": -99.95370180795068}