{"num_clients": 64, "paper": 3.746257198999956, "own": 0.031470879999687895, "gap": -99.15993808412063}