{"num_clients": 71, "paper": 4.275355738999679, "own": 0.02273151300050813, "gap": -99.4683129454433}