{"num_clients": 204, "paper": 9.509121641996899, "own": 0.1538333389980835, "gap": -98.38225500956176}