{"num_clients": 189, "paper": 5.5283157, "own": 0.0166953000000003, "gap": -99.69800386038011}