{"num_clients": 129, "paper": 5.957291381000687, "own": 0.07399136199819623, "gap": -98.75796973379255}