{"num_clients": 153, "paper": 6.431634356998984, "own": 0.18887671400079853, "gap": -97.06331698108335}