{"num_clients": 78, "paper": 3.822199782000098, "own": 0.047273726002458716, "gap": -98.76318013974348}