{"num_clients": 186, "paper": 7.802617242999986, "own": 0.2688122330000624, "gap": -96.55484532140515}