{"num_clients": 157, "paper": 7.284395153001242, "own": 0.1663516520002304, "gap": -97.71632855568397}