{"num_clients": 199, "paper": 9.361483535001753, "own": 0.14869303600062267, "gap": -98.41165093711192}