{"num_clients": 76, "paper": 3.6669006979973346, "own": 0.04410260899749119, "gap": -98.79727833858229}