{"num_clients": 88, "paper": 4.171631336997962, "own": 0.032493925999006024, "gap": -99.22107388275614}