{"num_clients": 53, "paper": 3.5382152599995607, "own": 0.022240559999772813, "gap": -99.37141868525615}