{"num_clients": 151, "paper": 6.273434567001459, "own": 0.13799302699953842, "gap": -97.80035918880246}