{"num_clients": 206, "paper": 8.255769933999545, "own": 0.1621731830000499, "gap": -98.03563829544018}