{"num_clients": 30, "paper": 3.411688799998956, "own": 0.0059299700005794875, "gap": -99.82618666741875}