{"num_clients": 205, "paper": 8.253562779999811, "own": 0.4131892619998325, "gap": -94.99380724405367}