{"num_clients": 80, "paper": 4.386211496999749, "own": 0.05241291800120962, "gap": -98.80505265108485}