{"num_clients": 156, "paper": 7.000649546000204, "own": 0.262358519999907, "gap": -96.25236889411491}