{"num_clients": 68, "paper": 4.09971903800033, "own": 0.0495326220006973, "gap": -98.79180447387786}