{"num_clients": 212, "paper": 8.465414068999962, "own": 0.1516782679973403, "gap": -98.20825931536201}