{"num_clients": 52, "paper": 3.7814896059990133, "own": 0.02236068599995633, "gap": -99.40868048494744}