{"num_clients": 78, "paper": 3.9078082160012855, "own": 0.04172271100105718, "gap": -98.93232449765024}