{"num_clients": 75, "paper": 3.851350298999023, "own": 0.023800686998583842, "gap": -99.38201708100222}