{"num_clients": 147, "paper": 6.185159050999573, "own": 0.20182668100005685, "gap": -96.73692011254845}