{"num_clients": 153, "paper": 6.335065848999875, "own": 0.128827227000329, "gap": -97.96644217959208}