{"num_clients": 188, "paper": 6.745840547999251, "own": 0.3103374719994463, "gap": -95.39957296957621}