{"num_clients": 91, "paper": 4.4910375969993765, "own": 0.053644803003408015, "gap": -98.80551427493616}