{"num_clients": 213, "paper": 10.19051890999981, "own": 0.3474306449988944, "gap": -96.59064814984087}