{"num_clients": 164, "paper": 6.112193945002218, "own": 0.09689311400143197, "gap": -98.4147572070965}