{"num_clients": 155, "paper": 6.61026886000036, "own": 0.24974566800028697, "gap": -96.22185310023421}