{"num_clients": 167, "paper": 6.996421043000737, "own": 0.18151810400013346, "gap": -97.40555774324466}