{"num_clients": 13, "paper": 3.2775954520002415, "own": 0.0015646110005036462, "gap": -99.95226344973267}