{"num_clients": 20, "paper": 3.3052744259985047, "own": 0.004983751998224761, "gap": -99.84921820835741}