{"num_clients": 68, "paper": 4.259328356001788, "own": 0.035230993998993654, "gap": -99.17285095079956}