{"num_clients": 94, "paper": 3.8224458750009944, "own": 0.0831840770006238, "gap": -97.82379974181839}