{"num_clients": 24, "paper": 3.3495835990006526, "own": 0.0059802460000355495, "gap": -99.82146300209315}