{"num_clients": 111, "paper": 4.20212851100041, "own": 0.09419288400022197, "gap": -97.75844827797052}