{"num_clients": 7, "paper": 3.0684416650001367, "own": 0.0006572759994014632, "gap": -99.97857948525147}