{"num_clients": 212, "paper": 9.417293635000533, "own": 0.15637640400018427, "gap": -98.3394761800886}