{"num_clients": 75, "paper": 1.8240740999999998, "own": 0.003617499999999829, "gap": -99.80168020586446}