{"num_clients": 180, "paper": 5.1153487, "own": 0.016480200000000167, "gap": -99.67782841470807}