{"num_clients": 167, "paper": 8.219057106001856, "own": 0.17080364900175482, "gap": -97.9218583494568}