{"num_clients": 201, "paper": 8.52133489299922, "own": 0.40513472500060743, "gap": -95.24564249512774}