{"num_clients": 13, "paper": 3.24269961799655, "own": 0.0024387230005231686, "gap": -99.92479343485938}