{"num_clients": 107, "paper": 4.6057503080010065, "own": 0.04648650300077861, "gap": -98.99068555844151}