{"num_clients": 23, "paper": 0.9834372000000001, "own": 0.0006368999999999403, "gap": -99.93523734916678}