{"num_clients": 56, "paper": 1.4312826999999997, "own": 0.0024788000000000032, "gap": -99.8268126904629}