{"num_clients": 101, "paper": 4.72775332799938, "own": 0.06548300399845175, "gap": -98.61492342228097}