{"num_clients": 193, "paper": 7.526167831998464, "own": 0.13151525799912633, "gap": -98.25256012176645}