{"num_clients": 63, "paper": 3.6736174329998903, "own": 0.022042499000235694, "gap": -99.39997837547729}