{"num_clients": 114, "paper": 5.153195760999552, "own": 0.08469140600027458, "gap": -98.3565265142606}