{"num_clients": 195, "paper": 7.459786936000455, "own": 0.13718600400170544, "gap": -98.16099299914781}