{"num_clients": 150, "paper": 5.569801126999664, "own": 0.13254263199996785, "gap": -97.62033456890468}