{"num_clients": 11, "paper": 3.778023724999912, "own": 0.002345220000279369, "gap": -99.93792468838242}