{"num_clients": 70, "paper": 4.016759009000452, "own": 0.03718925999964995, "gap": -99.07414759221753}