{"num_clients": 154, "paper": 6.424254505000135, "own": 0.1412865590000365, "gap": -97.80073222674989}