{"num_clients": 118, "paper": 5.037727690999418, "own": 0.09155057099997066, "gap": -98.18270107843388}