{"num_clients": 120, "paper": 5.14311334499962, "own": 0.08952861600027973, "gap": -98.25925251895676}