{"num_clients": 37, "paper": 3.5811869949975517, "own": 0.02294913899822859, "gap": -99.3591750715535}