{"num_clients": 98, "paper": 4.610740674001136, "own": 0.06934751800145023, "gap": -98.49595709443204}