{"num_clients": 193, "paper": 8.455431888000021, "own": 0.15064632199937478, "gap": -98.21834858355169}