{"num_clients": 161, "paper": 6.360293953999644, "own": 0.20679352000297513, "gap": -96.74867983306127}