{"num_clients": 142, "paper": 6.039261563999389, "own": 0.17317551099949924, "gap": -97.13250520507648}