{"num_clients": 23, "paper": 3.6661100029996305, "own": 0.0031726039997010957, "gap": -99.91346129829424}