{"num_clients": 90, "paper": 3.7740419450001355, "own": 0.0543689149999409, "gap": -98.55939823159704}