{"num_clients": 132, "paper": 5.620128155002021, "own": 0.1242703790012456, "gap": -97.78883371386038}