{"num_clients": 151, "paper": 5.804467724999995, "own": 0.14302652399965154, "gap": -97.53592352002178}