{"num_clients": 159, "paper": 6.14556660100061, "own": 0.1420034200000373, "gap": -97.68933559393992}