{"num_clients": 69, "paper": 4.327294360999076, "own": 0.061480148000555346, "gap": -98.5792473801953}