{"num_clients": 163, "paper": 6.1293829179994646, "own": 0.2293271669987007, "gap": -96.25856028140677}