{"num_clients": 10, "paper": 3.1744984249999106, "own": 0.0014258820010581985, "gap": -99.95508323488747}