{"num_clients": 194, "paper": 9.045092768999893, "own": 0.20235292500001378, "gap": -97.76284301147761}