{"num_clients": 136, "paper": 6.160221258000092, "own": 0.13624114600042958, "gap": -97.78837252276455}