{"num_clients": 111, "paper": 4.627182582999922, "own": 0.0810232370004087, "gap": -98.2489725540962}