{"num_clients": 40, "paper": 3.4227853700003834, "own": 0.009399455000675516, "gap": -99.72538579009193}