{"num_clients": 27, "paper": 3.2240759060005075, "own": 0.012166582000645576, "gap": -99.62263351250503}