{"num_clients": 42, "paper": 3.4233262629995806, "own": 0.013033184999585501, "gap": -99.61928300143482}