{"num_clients": 7, "paper": 3.251175923000119, "own": 0.0006270100020628888, "gap": -99.98071436252873}