{"num_clients": 27, "paper": 3.222427354001411, "own": 0.005276980002236087, "gap": -99.83624208019202}