{"num_clients": 66, "paper": 3.6318121240001346, "own": 0.03319288700004108, "gap": -99.08605164951425}