{"num_clients": 84, "paper": 4.088392052999552, "own": 0.06809611300013785, "gap": -98.33440354747344}