{"num_clients": 61, "paper": 4.161938276000001, "own": 0.02748359699762659, "gap": -99.33964429131224}