{"num_clients": 36, "paper": 3.3320013230004406, "own": 0.008370019999347278, "gap": -99.74879901932901}