{"num_clients": 119, "paper": 5.126790253998479, "own": 0.13126177500089398, "gap": -97.43968899647258}