{"num_clients": 100, "paper": 4.078601209001135, "own": 0.04440407999936724, "gap": -98.91129145204559}