{"num_clients": 50, "paper": 3.9101405310029804, "own": 0.023078198999428423, "gap": -99.40978594461134}