{"num_clients": 54, "paper": 0.7874538933522728, "own": 0.8999473066883118, "gap": 14.285714285714302}