{"num_clients": 135, "paper": 0.9302369279020979, "own": 0.9302369279020979, "gap": 0.0}