{"num_clients": 173, "paper": 0.8841970515151515, "own": 0.8841970515151515, "gap": 0.0}