{"num_clients": 108, "paper": 0.9025415453030302, "own": 0.9025415453030302, "gap": 0.0}