{"num_clients": 132, "paper": 0.8396332901623377, "own": 0.9042204663286714, "gap": 7.692307692307687}