{"num_clients": 14, "paper": 0.6157336734090909, "own": 0.6157336734090908, "gap": -2.220446049250313e-14}