{"num_clients": 94, "paper": 0.7884846040082644, "own": 0.8673330644090909, "gap": 10.000000000000009}