{"num_clients": 28, "paper": 0.9219027675757575, "own": 0.5531416605454545, "gap": -39.99999999999999}