{"num_clients": 200, "paper": 0.8978918305627707, "own": 0.9427864220909091, "gap": 4.999999999999982}