{"num_clients": 162, "paper": 0.8760889388383838, "own": 0.8760889388383838, "gap": 0.0}