{"num_clients": 27, "paper": 0.8025463613636363, "own": 0.8025463613636363, "gap": 0.0}