{"num_clients": 161, "paper": 0.845984655530303, "own": 0.8957484587967914, "gap": 5.882352941176472}