{"num_clients": 11, "paper": 0.7276952477272727, "own": 0.48513016515151514, "gap": -33.33333333333333}