{"num_clients": 6, "paper": 0.4197272727272727, "own": 0.4197272727272727, "gap": 0.0}