{"num_clients": 167, "paper": 0.8631797092929293, "own": 0.9139549863101604, "gap": 5.882352941176472}