{"num_clients": 111, "paper": 0.8774720573426573, "own": 0.8774720573426573, "gap": 0.0}