{"num_clients": 83, "paper": 0.8882961271022727, "own": 0.8882961271022727, "gap": 0.0}