{"num_clients": 25, "paper": 0.8716228307575759, "own": 0.6537171230681819, "gap": -25.0}