{"num_clients": 125, "paper": 0.8747336127922078, "own": 0.8747336127922078, "gap": 0.0}