{"num_clients": 34, "paper": 0.7682221214772728, "own": 0.7682221214772726, "gap": -1.1102230246251565e-14}