{"num_clients": 30, "paper": 0.9072780603030303, "own": 0.9072780603030303, "gap": 0.0}