{"num_clients": 69, "paper": 0.8685914442857143, "own": 0.7600175137499999, "gap": -12.50000000000001}