{"num_clients": 52, "paper": 0.7958488206493506, "own": 0.7958488206493507, "gap": 2.220446049250313e-14}