{"num_clients": 61, "paper": 0.876345122987013, "own": 0.7668019826136363, "gap": -12.5}