{"num_clients": 205, "paper": 0.8618527798701299, "own": 0.9049454188636364, "gap": 5.000000000000004}