{"num_clients": 98, "paper": 0.9011602704545455, "own": 0.811044243409091, "gap": -9.999999999999998}