{"num_clients": 172, "paper": 0.8795696049747475, "own": 0.8332764678708134, "gap": -5.263157894736836}