{"num_clients": 56, "paper": 0.8164505632467532, "own": 0.9525256571212122, "gap": 16.666666666666675}