{"num_clients": 152, "paper": 0.8648693139393939, "own": 0.8648693139393939, "gap": 0.0}