{"num_clients": 206, "paper": 0.8993751024458876, "own": 0.8993751024458876, "gap": 0.0}