{"num_clients": 203, "paper": 0.8637343422727272, "own": 0.9069210593863636, "gap": 5.000000000000004}