{"num_clients": 159, "paper": 0.9039546220738637, "own": 0.9642182635454546, "gap": 6.666666666666665}