{"num_clients": 172, "paper": 0.8518989655454545, "own": 0.9465544061616161, "gap": 11.111111111111116}