{"num_clients": 14, "paper": 0.9624504127272726, "own": 0.32081680424242426, "gap": -66.66666666666666}