{"num_clients": 203, "paper": 0.8612342941322314, "own": 0.9473577235454546, "gap": 10.000000000000009}