{"num_clients": 106, "paper": 0.856937883939394, "own": 0.9348413279338842, "gap": 9.090909090909083}