{"num_clients": 75, "paper": 0.8558469110227273, "own": 0.8558469110227273, "gap": 0.0}