{"num_clients": 67, "paper": 0.84744841625, "own": 0.7532874811111111, "gap": -11.111111111111116}