{"num_clients": 8, "paper": 0.40164685272727274, "own": 0.20082342636363637, "gap": -50.0}