{"num_clients": 52, "paper": 0.7786471990151514, "own": 0.6674118848701298, "gap": -14.28571428571429}