{"num_clients": 147, "paper": 0.8615545377272728, "own": 0.9154016963352273, "gap": 6.25}