{"num_clients": 122, "paper": 0.9011069223966942, "own": 0.8260146788636363, "gap": -8.333333333333337}