{"num_clients": 107, "paper": 0.8556323993181819, "own": 0.7898145224475525, "gap": -7.692307692307699}