{"num_clients": 49, "paper": 0.8626181513636363, "own": 0.718848459469697, "gap": -16.66666666666665}