{"num_clients": 186, "paper": 0.8836817495215312, "own": 0.8836817495215312, "gap": 0.0}