{"num_clients": 59, "paper": 0.8449443802272727, "own": 0.8449443802272727, "gap": 0.0}