{"num_clients": 29, "paper": 0.8823324011363637, "own": 0.8823324011363636, "gap": -1.1102230246251565e-14}