{"num_clients": 147, "paper": 0.8840366121306819, "own": 0.8840366121306819, "gap": 0.0}