{"num_clients": 26, "paper": 0.7612522727272727, "own": 0.7612522727272727, "gap": 0.0}