{"num_clients": 117, "paper": 0.8008875577972028, "own": 0.9465034773966944, "gap": 18.18181818181821}