{"num_clients": 139, "paper": 0.9133618061363636, "own": 0.8524710190606061, "gap": -6.666666666666665}