{"num_clients": 92, "paper": 0.9599105863636362, "own": 0.9599105863636365, "gap": 2.220446049250313e-14}