{"num_clients": 64, "paper": 0.9185534164285715, "own": 0.803734239375, "gap": -12.5}