{"num_clients": 109, "paper": 0.9052474948760331, "own": 0.9052474948760331, "gap": 0.0}