{"num_clients": 107, "paper": 0.8053872897402597, "own": 0.8673401581818182, "gap": 7.692307692307687}