{"num_clients": 114, "paper": 0.9258411009917357, "own": 0.9258411009917357, "gap": 0.0}