{"num_clients": 12, "paper": 0.5491942563636364, "own": 0.5491942563636364, "gap": 0.0}