{"num_clients": 29, "paper": 0.7213196375757577, "own": 0.5409897281818182, "gap": -25.0}