{"num_clients": 99, "paper": 0.9347552190909091, "own": 0.7647997247107438, "gap": -18.181818181818187}