{"num_clients": 80, "paper": 0.8562310896464647, "own": 0.8562310896464647, "gap": 0.0}