{"num_clients": 150, "paper": 0.9357613675454546, "own": 0.9357613675454546, "gap": 0.0}