{"num_clients": 167, "paper": 0.9073927078609626, "own": 0.9073927078609625, "gap": -1.1102230246251565e-14}