{"num_clients": 210, "paper": 0.887201601466942, "own": 0.9759217616136363, "gap": 10.000000000000009}