{"num_clients": 41, "paper": 0.8693004609999999, "own": 0.8693004609999999, "gap": 0.0}