{"num_clients": 205, "paper": 0.895443164025974, "own": 0.8547412020247933, "gap": -4.545454545454552}