{"num_clients": 164, "paper": 0.9230674367613636, "own": 0.9230674367613636, "gap": 0.0}