{"num_clients": 173, "paper": 0.8215967915227272, "own": 0.9128853239141415, "gap": 11.111111111111116}