{"num_clients": 16, "paper": 0.6749263081818182, "own": 0.6749263081818182, "gap": 0.0}