{"num_clients": 22, "paper": 0.6748582392045455, "own": 0.5398865913636364, "gap": -19.999999999999996}