{"num_clients": 52, "paper": 0.8617042675454545, "own": 0.7180868896212121, "gap": -16.666666666666664}