{"num_clients": 193, "paper": 0.8703860937229437, "own": 0.9620056825358851, "gap": 10.526315789473673}