{"num_clients": 55, "paper": 0.8410939668939394, "own": 0.7209376859090909, "gap": -14.28571428571429}