{"num_clients": 185, "paper": 0.8947258792105263, "own": 0.9444328725, "gap": 5.555555555555558}