{"num_clients": 82, "paper": 0.9413039062626262, "own": 0.8471735156363638, "gap": -9.999999999999975}