{"num_clients": 124, "paper": 0.8811442171818182, "own": 0.8260727036079546, "gap": -6.25}