{"num_clients": 78, "paper": 0.9580890722727273, "own": 0.8383279382386364, "gap": -12.5}