{"num_clients": 39, "paper": 0.88989305625, "own": 0.7119144449999999, "gap": -20.000000000000018}