{"num_clients": 169, "paper": 0.9486189486931818, "own": 0.9486189486931818, "gap": 0.0}