{"num_clients": 13, "paper": 0.867300505, "own": 0.5782003366666667, "gap": -33.33333333333333}