{"num_clients": 199, "paper": 0.8751685612554112, "own": 0.9672915677033492, "gap": 10.526315789473696}