{"num_clients": 94, "paper": 0.9041122501515151, "own": 0.8137010251363636, "gap": -9.999999999999998}