{"num_clients": 95, "paper": 0.8938532598181819, "own": 0.8125938725619833, "gap": -9.090909090909104}