{"num_clients": 180, "paper": 0.9164430909848486, "own": 0.9703515081016041, "gap": 5.88235294117645}