{"num_clients": 182, "paper": 0.85113431025, "own": 0.8959308528947368, "gap": 5.263157894736836}