{"num_clients": 102, "paper": 0.9031367206818182, "own": 0.9031367206818182, "gap": 0.0}