{"num_clients": 189, "paper": 0.934552518923445, "own": 0.934552518923445, "gap": 0.0}