{"num_clients": 118, "paper": 0.9183836575206612, "own": 0.8418516860606061, "gap": -8.333333333333325}