{"num_clients": 134, "paper": 0.8784973577972028, "own": 0.8784973577972028, "gap": 0.0}