{"num_clients": 122, "paper": 0.8759791411188811, "own": 0.9489774028787878, "gap": 8.333333333333325}