{"num_clients": 145, "paper": 0.9037576445454545, "own": 0.9037576445454545, "gap": 0.0}