{"num_clients": 52, "paper": 0.8261055787272727, "own": 0.6884213156060607, "gap": -16.666666666666664}