{"num_clients": 121, "paper": 0.9080127469834711, "own": 0.8323450180681818, "gap": -8.333333333333337}