{"num_clients": 19, "paper": 0.5319419188636363, "own": 0.5319419188636364, "gap": 2.220446049250313e-14}