{"num_clients": 204, "paper": 0.8909563696753247, "own": 0.8909563696753247, "gap": 0.0}