{"num_clients": 117, "paper": 0.8576202029924241, "own": 0.8576202029924244, "gap": 2.220446049250313e-14}