{"num_clients": 61, "paper": 0.8394123886363637, "own": 0.8394123886363637, "gap": 0.0}