{"num_clients": 102, "paper": 0.9185063586818181, "own": 0.8350057806198347, "gap": -9.090909090909083}