{"num_clients": 96, "paper": 0.954183580965909, "own": 0.8481631830808081, "gap": -11.111111111111105}