{"num_clients": 36, "paper": 0.7235456385454546, "own": 0.9044320481818182, "gap": 25.0}