{"num_clients": 119, "paper": 0.9198255145454546, "own": 0.7884218696103896, "gap": -14.28571428571429}