{"num_clients": 49, "paper": 0.794987135, "own": 0.6624892791666667, "gap": -16.666666666666664}