{"num_clients": 6, "paper": 0.3395707063636364, "own": 0.3395707063636364, "gap": 0.0}