{"num_clients": 112, "paper": 0.881709415530303, "own": 0.9618648169421488, "gap": 9.090909090909083}