{"num_clients": 110, "paper": 0.9225449571590909, "own": 0.8515799604545454, "gap": -7.692307692307699}