{"num_clients": 26, "paper": 0.8129963913636363, "own": 0.8129963913636363, "gap": 0.0}