{"num_clients": 195, "paper": 0.9394896002139037, "own": 0.7985661601818183, "gap": -14.999999999999991}