{"num_clients": 81, "paper": 0.8430767549494949, "own": 0.9484613493181818, "gap": 12.500000000000021}