{"num_clients": 25, "paper": 0.6938661615151515, "own": 0.6938661615151515, "gap": 0.0}