{"num_clients": 115, "paper": 0.888430374214876, "own": 0.888430374214876, "gap": 0.0}