{"num_clients": 42, "paper": 0.9186035136363636, "own": 0.7348828109090909, "gap": -19.999999999999996}