{"num_clients": 54, "paper": 0.8875817536363636, "own": 0.8875817536363636, "gap": 0.0}