{"num_clients": 21, "paper": 0.9241551381818183, "own": 0.6161034254545456, "gap": -33.33333333333333}