{"num_clients": 135, "paper": 0.8617687456363636, "own": 0.8617687456363636, "gap": 0.0}