{"num_clients": 105, "paper": 0.9023994384545455, "own": 0.9023994384545455, "gap": 0.0}