{"num_clients": 110, "paper": 0.7789647107342658, "own": 0.7789647107342658, "gap": 0.0}