{"num_clients": 43, "paper": 0.9176058745454545, "own": 0.7340846996363636, "gap": -20.000000000000007}