{"num_clients": 70, "paper": 0.9113325367532468, "own": 0.7974159696590909, "gap": -12.5}