{"num_clients": 25, "paper": 0.6811153195454546, "own": 0.5108364896590909, "gap": -25.0}