{"num_clients": 156, "paper": 0.9028688720170455, "own": 0.9028688720170455, "gap": 0.0}