{"num_clients": 118, "paper": 0.8605227561742425, "own": 0.9387520976446282, "gap": 9.090909090909104}