{"num_clients": 167, "paper": 0.8635130914171123, "own": 0.9174826596306819, "gap": 6.25}