{"num_clients": 75, "paper": 0.9146083614772729, "own": 0.9146083614772728, "gap": -1.1102230246251565e-14}