{"num_clients": 60, "paper": 0.8812091911363636, "own": 0.7553221638311688, "gap": -14.28571428571429}