{"num_clients": 208, "paper": 0.8699146827066115, "own": 0.9113391914069263, "gap": 4.761904761904745}