{"num_clients": 68, "paper": 0.8362463763636364, "own": 0.8362463763636363, "gap": -1.1102230246251565e-14}