{"num_clients": 84, "paper": 0.9255295809090909, "own": 0.7572514752892562, "gap": -18.181818181818176}