{"num_clients": 118, "paper": 0.8622215708041957, "own": 0.934073368371212, "gap": 8.333333333333325}