{"num_clients": 55, "paper": 0.8770543679545454, "own": 0.6577907759659091, "gap": -25.0}