{"num_clients": 9, "paper": 0.7665489509090909, "own": 0.3832744754545455, "gap": -49.999999999999986}