{"num_clients": 196, "paper": 0.9051504064772727, "own": 0.9051504064772727, "gap": 0.0}