{"num_clients": 51, "paper": 0.9018017460909091, "own": 0.7515014550757576, "gap": -16.666666666666664}