{"num_clients": 76, "paper": 0.7780273070454545, "own": 0.7780273070454545, "gap": 0.0}