{"num_clients": 77, "paper": 0.8606311311038961, "own": 0.8606311311038961, "gap": 0.0}