{"num_clients": 185, "paper": 0.8603466032467532, "own": 0.9033639334090908, "gap": 5.000000000000004}