{"num_clients": 38, "paper": 0.8085169643636363, "own": 0.6737641369696971, "gap": -16.66666666666665}