{"num_clients": 174, "paper": 0.8673802875358851, "own": 0.9155680812878787, "gap": 5.555555555555558}