{"num_clients": 140, "paper": 0.8651159442045455, "own": 0.9227903404848484, "gap": 6.666666666666643}