{"num_clients": 207, "paper": 0.8696217116735536, "own": 0.8696217116735536, "gap": 0.0}