{"num_clients": 164, "paper": 0.8987630598663102, "own": 0.9549357511079546, "gap": 6.25}