{"num_clients": 75, "paper": 0.7977644683838384, "own": 0.7977644683838384, "gap": 0.0}