{"num_clients": 134, "paper": 0.828098576875, "own": 0.9463983735714285, "gap": 14.28571428571428}