{"num_clients": 33, "paper": 0.8738358181818182, "own": 0.8738358181818182, "gap": 0.0}