{"num_clients": 11, "paper": 0.9552954545454546, "own": 0.4776477272727273, "gap": -50.0}