{"num_clients": 95, "paper": 0.8187263514545455, "own": 0.9096959460606061, "gap": 11.111111111111116}