{"num_clients": 160, "paper": 0.8719535742613637, "own": 0.8719535742613637, "gap": 0.0}