{"num_clients": 184, "paper": 0.8568012559090908, "own": 0.9018960588516746, "gap": 5.263157894736836}