{"num_clients": 43, "paper": 0.8103197761363637, "own": 0.9723837313636363, "gap": 19.99999999999997}