{"num_clients": 154, "paper": 0.8891772925935827, "own": 0.9447508733806819, "gap": 6.250000000000022}