{"num_clients": 86, "paper": 0.8935036026262626, "own": 0.8041532423636364, "gap": -9.999999999999998}