{"num_clients": 108, "paper": 0.9335476218181817, "own": 0.933547621818182, "gap": 2.220446049250313e-14}