{"num_clients": 6, "paper": 0.6608147377272727, "own": 0.6608147377272727, "gap": 0.0}