{"num_clients": 43, "paper": 0.9199624870909091, "own": 0.7666354059090909, "gap": -16.666666666666675}