{"num_clients": 40, "paper": 0.8560557948863636, "own": 0.8560557948863636, "gap": 0.0}