{"num_clients": 206, "paper": 0.9072121877922077, "own": 0.8659752701652892, "gap": -4.545454545454541}