{"num_clients": 193, "paper": 0.9001919023205742, "own": 0.8551823072045455, "gap": -5.000000000000004}