{"num_clients": 159, "paper": 0.8349991879040404, "own": 0.8841167871925134, "gap": 5.882352941176472}