{"num_clients": 156, "paper": 0.8856834873262033, "own": 0.8364788491414141, "gap": -5.55555555555557}