{"num_clients": 41, "paper": 0.9424088005681819, "own": 0.9424088005681819, "gap": 0.0}