{"num_clients": 81, "paper": 0.8312222896969697, "own": 0.7481000607272728, "gap": -9.999999999999986}