{"num_clients": 36, "paper": 0.7823481154545455, "own": 0.9779351443181818, "gap": 25.0}