{"num_clients": 76, "paper": 0.8249383314141414, "own": 0.8249383314141414, "gap": 0.0}