{"num_clients": 162, "paper": 0.9072449075852272, "own": 0.8538775600802139, "gap": -5.882352941176472}