{"num_clients": 165, "paper": 0.8213254524641149, "own": 0.9179519762834225, "gap": 11.764705882352944}