{"num_clients": 20, "paper": 0.7706924256060607, "own": 0.7706924256060605, "gap": -1.1102230246251565e-14}