{"num_clients": 124, "paper": 0.8429907621103896, "own": 0.9078362053496504, "gap": 7.692307692307687}