{"num_clients": 146, "paper": 0.8709963636363636, "own": 0.9290627878787879, "gap": 6.666666666666687}