{"num_clients": 125, "paper": 0.8746786580769231, "own": 0.94756854625, "gap": 8.333333333333325}