{"num_clients": 158, "paper": 0.8877390040106952, "own": 0.8877390040106952, "gap": 0.0}