{"num_clients": 30, "paper": 0.8190567796969698, "own": 0.8190567796969698, "gap": 0.0}