{"num_clients": 23, "paper": 0.7932121212121213, "own": 0.7932121212121213, "gap": 0.0}