{"num_clients": 132, "paper": 0.8879454966287877, "own": 0.887945496628788, "gap": 2.220446049250313e-14}