{"num_clients": 180, "paper": 0.8858446680861243, "own": 0.8415524346818183, "gap": -4.999999999999972}