{"num_clients": 47, "paper": 0.9352927034545454, "own": 0.7794105862121213, "gap": -16.66666666666665}