{"num_clients": 170, "paper": 0.9044037354545454, "own": 0.9044037354545454, "gap": 0.0}