{"num_clients": 98, "paper": 0.8644847152272727, "own": 0.8644847152272728, "gap": 2.220446049250313e-14}