{"num_clients": 145, "paper": 0.8998294311363636, "own": 0.8398408023939393, "gap": -6.666666666666677}