{"num_clients": 103, "paper": 0.9183378413636364, "own": 0.9183378413636364, "gap": 0.0}