{"num_clients": 39, "paper": 0.9194150907954546, "own": 0.9194150907954546, "gap": 0.0}