{"num_clients": 143, "paper": 0.8875937355454545, "own": 0.8875937355454546, "gap": 2.220446049250313e-14}