{"num_clients": 27, "paper": 0.8453648015909091, "own": 0.6762918412727272, "gap": -20.000000000000007}