{"num_clients": 111, "paper": 0.8859955521363636, "own": 0.8859955521363636, "gap": 0.0}