{"num_clients": 22, "paper": 0.9793832849999999, "own": 0.6529221900000001, "gap": -33.33333333333333}