{"num_clients": 45, "paper": 0.8709879109090909, "own": 0.6532409331818182, "gap": -25.0}