{"num_clients": 117, "paper": 0.859664649621212, "own": 0.9378159814049586, "gap": 9.090909090909083}