{"num_clients": 8, "paper": 0.7912890540909091, "own": 0.3956445270454545, "gap": -50.0}