{"num_clients": 43, "paper": 0.7851015051136363, "own": 0.6280812040909091, "gap": -19.999999999999996}