{"num_clients": 119, "paper": 0.8593042183116884, "own": 0.9254045427972029, "gap": 7.692307692307687}