{"num_clients": 68, "paper": 0.8902890670454546, "own": 0.8902890670454545, "gap": -1.1102230246251565e-14}