{"num_clients": 169, "paper": 0.9067698298011363, "own": 0.9067698298011364, "gap": 2.220446049250313e-14}