{"num_clients": 192, "paper": 0.8962110179090909, "own": 0.8962110179090909, "gap": 0.0}