{"num_clients": 102, "paper": 0.8402608346694215, "own": 0.9242869181363635, "gap": 9.999999999999986}