{"num_clients": 100, "paper": 0.9005476415, "own": 0.9005476415, "gap": 0.0}