{"num_clients": 148, "paper": 0.8914803531818182, "own": 0.9551575212662338, "gap": 7.14285714285714}