{"num_clients": 30, "paper": 0.8806218614772727, "own": 0.8806218614772727, "gap": 0.0}