{"num_clients": 97, "paper": 0.8571215871212121, "own": 0.8571215871212121, "gap": 0.0}