{"num_clients": 126, "paper": 0.8984493640530303, "own": 0.9801265789669422, "gap": 9.090909090909104}