{"num_clients": 17, "paper": 0.6958151054545454, "own": 0.6958151054545454, "gap": 0.0}