{"num_clients": 178, "paper": 0.8183459492272727, "own": 0.9092732769191918, "gap": 11.111111111111116}