{"num_clients": 199, "paper": 0.8897416357792208, "own": 0.8897416357792208, "gap": 0.0}