{"num_clients": 175, "paper": 0.871171045430622, "own": 0.9195694368434343, "gap": 5.555555555555558}