{"num_clients": 67, "paper": 0.9341875056060607, "own": 0.8007321476623376, "gap": -14.285714285714302}