{"num_clients": 163, "paper": 0.9038758887700534, "own": 0.8536605616161617, "gap": -5.5555555555555465}