{"num_clients": 169, "paper": 0.8234889016363637, "own": 0.9149876684848485, "gap": 11.111111111111093}