{"num_clients": 24, "paper": 0.702225226590909, "own": 0.46815015106060603, "gap": -33.33333333333333}