{"num_clients": 8, "paper": 0.6396666663636363, "own": 0.6396666663636363, "gap": 0.0}