{"num_clients": 21, "paper": 0.8451010095454545, "own": 0.8451010095454545, "gap": 0.0}