{"num_clients": 181, "paper": 0.9238585460606061, "own": 0.9238585460606061, "gap": 0.0}