{"num_clients": 30, "paper": 0.9468359180303031, "own": 0.9468359180303031, "gap": 0.0}