{"num_clients": 113, "paper": 0.8660338326136364, "own": 0.7994158454895105, "gap": -7.692307692307699}