{"num_clients": 9, "paper": 0.31965345727272726, "own": 0.10655115242424244, "gap": -66.66666666666666}