{"num_clients": 19, "paper": 0.9351302086363635, "own": 0.9351302086363636, "gap": 2.220446049250313e-14}