{"num_clients": 60, "paper": 0.8697636137272727, "own": 0.8697636137272727, "gap": 0.0}