{"num_clients": 111, "paper": 0.8994897571900826, "own": 0.8245322774242424, "gap": -8.333333333333337}