{"num_clients": 150, "paper": 0.8991975665151515, "own": 0.8991975665151516, "gap": 2.220446049250313e-14}