{"num_clients": 180, "paper": 0.9484841580748664, "own": 0.9484841580748664, "gap": 0.0}