{"num_clients": 118, "paper": 0.8720709037412587, "own": 0.8097801249025974, "gap": -7.14285714285714}