{"num_clients": 66, "paper": 0.8596366102597403, "own": 0.6686062524242424, "gap": -22.22222222222222}