{"num_clients": 185, "paper": 0.8954082753636363, "own": 0.9425350266985646, "gap": 5.263157894736836}