{"num_clients": 199, "paper": 0.8625378664718614, "own": 0.8233315998140497, "gap": -4.545454545454519}