{"num_clients": 48, "paper": 0.8476368774545454, "own": 0.6054549124675325, "gap": -28.57142857142857}