{"num_clients": 207, "paper": 0.9406347666590908, "own": 0.9406347666590908, "gap": 0.0}