{"num_clients": 56, "paper": 0.8621279184848486, "own": 0.8621279184848486, "gap": 0.0}