{"num_clients": 59, "paper": 0.863413016038961, "own": 0.7554863890340909, "gap": -12.5}