{"num_clients": 204, "paper": 0.8887541067748918, "own": 0.9823071706459331, "gap": 10.526315789473696}