{"num_clients": 206, "paper": 0.8773038542640692, "own": 0.9211690469772726, "gap": 5.000000000000004}