{"num_clients": 87, "paper": 0.8880404567272727, "own": 0.8880404567272727, "gap": 0.0}