{"num_clients": 182, "paper": 0.8652595597607655, "own": 0.9670548020855615, "gap": 11.764705882352944}