{"num_clients": 140, "paper": 0.8884352026704545, "own": 0.9476642161818182, "gap": 6.666666666666665}