{"num_clients": 167, "paper": 0.9209764187784091, "own": 0.9209764187784091, "gap": 0.0}