{"num_clients": 171, "paper": 0.9337718712032085, "own": 0.8818956561363637, "gap": -5.5555555555555465}