{"num_clients": 10, "paper": 0.8770126254545455, "own": 0.8770126254545455, "gap": 0.0}