{"num_clients": 153, "paper": 0.8588987831283422, "own": 0.8588987831283422, "gap": 0.0}