{"num_clients": 64, "paper": 0.9099808672727273, "own": 0.9099808672727273, "gap": 0.0}