{"num_clients": 130, "paper": 0.8954155063286713, "own": 0.8954155063286713, "gap": 0.0}