{"num_clients": 156, "paper": 0.8875260183806818, "own": 0.8875260183806818, "gap": 0.0}