{"num_clients": 101, "paper": 0.8378636013223141, "own": 0.9216499614545455, "gap": 10.000000000000009}