{"num_clients": 176, "paper": 0.8924419049494949, "own": 0.944938487593583, "gap": 5.882352941176494}