{"num_clients": 88, "paper": 0.8702541763636363, "own": 0.8702541763636363, "gap": 0.0}