{"num_clients": 182, "paper": 0.904282097631579, "own": 0.85906799275, "gap": -5.000000000000004}