{"num_clients": 184, "paper": 0.8897554138277513, "own": 0.8897554138277513, "gap": 0.0}