{"num_clients": 186, "paper": 0.9228110898564592, "own": 0.9740783726262625, "gap": 5.555555555555558}