{"num_clients": 95, "paper": 0.8764655559545454, "own": 0.8764655559545454, "gap": 0.0}