{"num_clients": 119, "paper": 0.8951479756818183, "own": 0.8951479756818183, "gap": 0.0}