{"num_clients": 156, "paper": 0.9000368897727272, "own": 0.8000327909090909, "gap": -11.111111111111116}