{"num_clients": 87, "paper": 0.9192309574242424, "own": 0.8273078616818182, "gap": -9.999999999999998}