{"num_clients": 129, "paper": 0.9069732376623376, "own": 0.9069732376623376, "gap": 0.0}