{"num_clients": 6, "paper": 0.5022571868181819, "own": 0.5022571868181819, "gap": 0.0}