{"num_clients": 184, "paper": 0.9072703636868688, "own": 0.9072703636868688, "gap": 0.0}