{"num_clients": 77, "paper": 0.798976988590909, "own": 0.8877522095454546, "gap": 11.11111111111114}