{"num_clients": 133, "paper": 0.880703276525974, "own": 0.880703276525974, "gap": 0.0}