{"num_clients": 211, "paper": 0.8764995812603306, "own": 0.9182376565584415, "gap": 4.761904761904745}