{"num_clients": 15, "paper": 0.5561709595454545, "own": 0.3707806396969697, "gap": -33.333333333333314}