{"num_clients": 130, "paper": 0.9190070748251749, "own": 0.7964727981818183, "gap": -13.33333333333333}