{"num_clients": 155, "paper": 0.8457872670053476, "own": 0.8986489711931819, "gap": 6.25}