{"num_clients": 170, "paper": 0.9061582770454546, "own": 0.959461705106952, "gap": 5.882352941176472}