{"num_clients": 73, "paper": 0.8586548269886364, "own": 0.8586548269886364, "gap": 0.0}