{"num_clients": 149, "paper": 0.9336617890625, "own": 0.9336617890625, "gap": 0.0}