{"num_clients": 136, "paper": 0.8581573644055944, "own": 0.8581573644055944, "gap": 0.0}