{"num_clients": 168, "paper": 0.8576137224242424, "own": 0.9080615884491978, "gap": 5.882352941176472}