{"num_clients": 191, "paper": 0.901666908971292, "own": 0.9517595150252526, "gap": 5.555555555555558}