{"num_clients": 19, "paper": 0.7182930259090909, "own": 0.7182930259090909, "gap": 0.0}