{"num_clients": 185, "paper": 0.8792637281339714, "own": 0.9281117130303032, "gap": 5.555555555555558}