{"num_clients": 84, "paper": 0.8308574874431819, "own": 0.7385399888383838, "gap": -11.111111111111127}