{"num_clients": 73, "paper": 0.953728325974026, "own": 0.8345122852272727, "gap": -12.5}