{"num_clients": 105, "paper": 0.8530427195867769, "own": 0.8530427195867769, "gap": 0.0}