{"num_clients": 48, "paper": 0.822582980378788, "own": 0.705071126038961, "gap": -14.28571428571429}