{"num_clients": 66, "paper": 0.9046934223484849, "own": 0.7754515048701299, "gap": -14.28571428571429}