{"num_clients": 207, "paper": 0.8714437961363636, "own": 0.9585881757500001, "gap": 10.000000000000009}