{"num_clients": 213, "paper": 0.8523691646837944, "own": 0.8523691646837944, "gap": 0.0}