{"num_clients": 57, "paper": 0.9206980776515152, "own": 0.9206980776515152, "gap": 0.0}