{"num_clients": 107, "paper": 0.912554864659091, "own": 0.912554864659091, "gap": 0.0}