{"num_clients": 91, "paper": 0.8202002312809917, "own": 0.8202002312809917, "gap": 0.0}