{"num_clients": 61, "paper": 0.8501263196103895, "own": 0.7438605296590909, "gap": -12.5}