{"num_clients": 11, "paper": 0.8878768363636363, "own": 0.8878768363636363, "gap": 0.0}