{"num_clients": 180, "paper": 0.883467461555024, "own": 0.9874048099732621, "gap": 11.764705882352944}