{"num_clients": 145, "paper": 0.8408109148011363, "own": 0.7913514492245989, "gap": -5.882352941176472}