{"num_clients": 30, "paper": 0.8568679387878788, "own": 0.6426509540909091, "gap": -25.0}