{"num_clients": 154, "paper": 0.8162275625935829, "own": 0.9250579042727273, "gap": 13.33333333333333}