{"num_clients": 174, "paper": 0.8742608486363636, "own": 0.8742608486363636, "gap": 0.0}