{"num_clients": 70, "paper": 0.8564053102525252, "own": 0.9634559740340909, "gap": 12.5}