{"num_clients": 56, "paper": 0.7997371962121212, "own": 0.7997371962121211, "gap": -1.1102230246251565e-14}