{"num_clients": 112, "paper": 0.9151597215289257, "own": 0.8388964114015152, "gap": -8.333333333333337}