{"num_clients": 8, "paper": 0.7807954545454545, "own": 0.39039772727272726, "gap": -50.0}