{"num_clients": 88, "paper": 0.8804936121818182, "own": 0.8804936121818182, "gap": 0.0}