{"num_clients": 71, "paper": 0.9041815243506494, "own": 0.7911588338068182, "gap": -12.5}