{"num_clients": 185, "paper": 0.902010254138756, "own": 0.902010254138756, "gap": 0.0}