{"num_clients": 137, "paper": 0.8852169035757576, "own": 0.8852169035757577, "gap": 2.220446049250313e-14}