{"num_clients": 66, "paper": 0.9653954273636364, "own": 0.804496189469697, "gap": -16.666666666666664}