{"num_clients": 175, "paper": 0.9001831551262627, "own": 0.9001831551262627, "gap": 0.0}