{"num_clients": 181, "paper": 0.8833616936868687, "own": 0.8833616936868687, "gap": 0.0}