{"num_clients": 137, "paper": 0.8888200815151515, "own": 0.9523072301948051, "gap": 7.14285714285714}