{"num_clients": 167, "paper": 0.9044977107486631, "own": 0.9044977107486631, "gap": 0.0}