{"num_clients": 134, "paper": 0.8876831204895104, "own": 0.9616567138636364, "gap": 8.333333333333348}