{"num_clients": 183, "paper": 0.8775345830681818, "own": 0.9750384256313132, "gap": 11.111111111111116}