{"num_clients": 199, "paper": 0.8784235633116882, "own": 0.970889201555024, "gap": 10.526315789473696}