{"num_clients": 154, "paper": 0.8809406603208556, "own": 0.9359994515909092, "gap": 6.250000000000022}