{"num_clients": 75, "paper": 0.8595235183766234, "own": 0.8595235183766233, "gap": -1.1102230246251565e-14}