{"num_clients": 143, "paper": 0.8533281537215909, "own": 0.9102166973030302, "gap": 6.666666666666665}