{"num_clients": 129, "paper": 0.7994467224025975, "own": 0.9326878428030302, "gap": 16.66666666666663}