{"num_clients": 41, "paper": 0.8170796617272726, "own": 0.8170796617272729, "gap": 2.220446049250313e-14}