{"num_clients": 147, "paper": 0.7944727374715909, "own": 0.8474375866363636, "gap": 6.666666666666665}