{"num_clients": 23, "paper": 0.7214808078787879, "own": 0.7214808078787879, "gap": 0.0}