{"num_clients": 177, "paper": 0.8863956113383838, "own": 0.8863956113383838, "gap": 0.0}