{"num_clients": 188, "paper": 0.9180421448232323, "own": 0.9180421448232323, "gap": 0.0}