{"num_clients": 51, "paper": 0.8088996191818181, "own": 0.8088996191818183, "gap": 2.220446049250313e-14}