{"num_clients": 125, "paper": 0.9022209540151515, "own": 0.8328193421678323, "gap": -7.692307692307676}