{"num_clients": 30, "paper": 0.782375496969697, "own": 0.5867816227272727, "gap": -25.0}