{"num_clients": 181, "paper": 0.8931266629425838, "own": 0.8484703297954546, "gap": -5.000000000000004}