{"num_clients": 150, "paper": 0.8584953089285714, "own": 0.8584953089285714, "gap": 0.0}