{"num_clients": 96, "paper": 0.8293640618595042, "own": 0.7602503900378789, "gap": -8.333333333333325}