{"num_clients": 163, "paper": 0.8246252994191919, "own": 0.9277034618465909, "gap": 12.5}