{"num_clients": 198, "paper": 0.9228873407894738, "own": 0.9741588597222223, "gap": 5.555555555555558}