{"num_clients": 13, "paper": 0.8701313127272727, "own": 0.8701313127272727, "gap": 0.0}