{"num_clients": 118, "paper": 0.9456313595454546, "own": 0.8596648723140496, "gap": -9.090909090909093}