{"num_clients": 199, "paper": 0.9167545646590909, "own": 0.8730995853896104, "gap": -4.761904761904756}