{"num_clients": 146, "paper": 0.9161062376363636, "own": 0.858849597784091, "gap": -6.249999999999989}