{"num_clients": 92, "paper": 0.8180021470454545, "own": 0.8180021470454545, "gap": 0.0}