{"num_clients": 56, "paper": 0.7800089398295456, "own": 0.8914387883766234, "gap": 14.28571428571428}