{"num_clients": 196, "paper": 0.8689306908008658, "own": 0.9123772253409091, "gap": 5.000000000000004}