{"num_clients": 202, "paper": 0.8918326541558441, "own": 0.9364242868636363, "gap": 5.000000000000004}