{"num_clients": 30, "paper": 0.7555192306060606, "own": 0.7555192306060606, "gap": 0.0}