{"num_clients": 70, "paper": 0.9424276849350649, "own": 0.9424276849350649, "gap": 0.0}