{"num_clients": 54, "paper": 0.8246491968181818, "own": 0.8246491968181818, "gap": 0.0}