{"num_clients": 209, "paper": 0.8782413167975207, "own": 0.8050545403977273, "gap": -8.333333333333337}