{"num_clients": 39, "paper": 0.8413795924999999, "own": 0.8413795925, "gap": 2.220446049250313e-14}