{"num_clients": 205, "paper": 0.9179921652597403, "own": 0.8381667595849802, "gap": -8.695652173913048}