{"num_clients": 200, "paper": 0.9156552150454544, "own": 0.8324138318595042, "gap": -9.090909090909072}