{"num_clients": 30, "paper": 0.9284350051515151, "own": 0.9284350051515151, "gap": 0.0}