{"num_clients": 128, "paper": 0.8945717312012987, "own": 0.8945717312012987, "gap": 0.0}