{"num_clients": 180, "paper": 0.8570513114545454, "own": 0.9522792349494948, "gap": 11.111111111111116}