{"num_clients": 39, "paper": 0.8172751020454546, "own": 0.8172751020454546, "gap": 0.0}