{"num_clients": 164, "paper": 0.8646061687121213, "own": 0.8646061687121213, "gap": 0.0}