{"num_clients": 152, "paper": 0.8925948287575758, "own": 0.9563516022402598, "gap": 7.14285714285714}