{"num_clients": 120, "paper": 0.9147783025206612, "own": 0.8385467773106061, "gap": -8.333333333333325}