{"num_clients": 101, "paper": 0.8900176592727274, "own": 0.8900176592727274, "gap": 0.0}