{"num_clients": 119, "paper": 0.886886879621212, "own": 0.818664811958042, "gap": -7.692307692307687}