{"num_clients": 112, "paper": 0.9268935671900826, "own": 0.849652436590909, "gap": -8.333333333333337}