{"num_clients": 114, "paper": 0.8982041399173554, "own": 0.9880245539090909, "gap": 10.000000000000009}