{"num_clients": 211, "paper": 0.8834871845661157, "own": 0.8834871845661157, "gap": 0.0}