{"num_clients": 158, "paper": 0.8819189028693182, "own": 0.8819189028693182, "gap": 0.0}