{"num_clients": 129, "paper": 0.8960161753846154, "own": 0.8960161753846154, "gap": 0.0}