{"num_clients": 38, "paper": 0.8846483492424243, "own": 0.6634862619318181, "gap": -25.00000000000001}