{"num_clients": 156, "paper": 0.9055087393465909, "own": 0.8048966571969697, "gap": -11.111111111111116}