{"num_clients": 53, "paper": 0.8569715290909091, "own": 0.6855772232727273, "gap": -19.999999999999996}