{"num_clients": 78, "paper": 0.9103618192929291, "own": 0.6827713644696969, "gap": -25.0}