{"num_clients": 41, "paper": 0.8937405451515151, "own": 0.8937405451515152, "gap": 2.220446049250313e-14}