{"num_clients": 203, "paper": 0.8463289389049587, "own": 0.9799598239952153, "gap": 15.78947368421051}