{"num_clients": 154, "paper": 0.8794792833939394, "own": 0.9422992322077922, "gap": 7.14285714285714}