{"num_clients": 84, "paper": 0.9576819157575758, "own": 0.9576819157575758, "gap": 0.0}