{"num_clients": 54, "paper": 0.8037611287662337, "own": 0.9377213168939393, "gap": 16.666666666666675}