{"num_clients": 13, "paper": 0.7041290402272729, "own": 0.46941936015151514, "gap": -33.33333333333335}