{"num_clients": 121, "paper": 0.8804313414335664, "own": 0.9538006198863637, "gap": 8.333333333333348}