{"num_clients": 28, "paper": 0.7556736298484849, "own": 0.45340417790909093, "gap": -40.0}