{"num_clients": 38, "paper": 0.8655438178181818, "own": 0.7212865148484848, "gap": -16.666666666666664}