{"num_clients": 109, "paper": 0.8320232154545454, "own": 0.9152255370000001, "gap": 10.000000000000032}