{"num_clients": 89, "paper": 0.8670425309090909, "own": 0.8670425309090909, "gap": 0.0}