{"num_clients": 115, "paper": 0.9217116945909091, "own": 0.8379197223553718, "gap": -9.090909090909093}