{"num_clients": 195, "paper": 0.9305152624641149, "own": 0.9822105548232324, "gap": 5.555555555555558}