{"num_clients": 110, "paper": 0.891544136958042, "own": 0.9658394817045455, "gap": 8.333333333333325}