{"num_clients": 91, "paper": 0.8952170918686869, "own": 0.8056953826818182, "gap": -10.000000000000009}