{"num_clients": 161, "paper": 0.9298368873333334, "own": 0.871722081875, "gap": -6.25}