{"num_clients": 18, "paper": 0.7649114506818182, "own": 0.7649114506818182, "gap": 0.0}