{"num_clients": 66, "paper": 0.9058157846590909, "own": 0.905815784659091, "gap": 2.220446049250313e-14}