{"num_clients": 149, "paper": 0.9026627083030303, "own": 0.7964670955614973, "gap": -11.764705882352944}