{"num_clients": 152, "paper": 0.90437224, "own": 0.9689702571428571, "gap": 7.14285714285714}