{"num_clients": 172, "paper": 0.8530762573684211, "own": 0.95343817, "gap": 11.764705882352944}