{"num_clients": 77, "paper": 0.862881359375, "own": 0.986150125, "gap": 14.28571428571428}