{"num_clients": 87, "paper": 0.8480719056060606, "own": 0.7632647150454546, "gap": -9.999999999999998}