{"num_clients": 102, "paper": 0.8894832404040405, "own": 0.8894832404040405, "gap": 0.0}