{"num_clients": 101, "paper": 0.8887078816363637, "own": 0.8887078816363637, "gap": 0.0}