{"num_clients": 42, "paper": 0.8692444722727273, "own": 0.8692444722727273, "gap": 0.0}