{"num_clients": 158, "paper": 0.8729841881283422, "own": 0.8729841881283422, "gap": 0.0}