{"num_clients": 138, "paper": 0.8915343591212121, "own": 0.9552153847727273, "gap": 7.14285714285714}