{"num_clients": 162, "paper": 0.8244559783585859, "own": 0.9275129756534091, "gap": 12.5}