{"num_clients": 107, "paper": 0.8562602492424243, "own": 0.9341020900826447, "gap": 9.090909090909083}