{"num_clients": 154, "paper": 0.8790041481818182, "own": 0.8790041481818182, "gap": 0.0}