{"num_clients": 40, "paper": 0.9713478306060607, "own": 0.5828086983636365, "gap": -39.99999999999999}