{"num_clients": 11, "paper": 0.5412831106818182, "own": 0.5412831106818181, "gap": -2.220446049250313e-14}