{"num_clients": 123, "paper": 0.8891801467045455, "own": 0.9700147054958678, "gap": 9.090909090909083}