{"num_clients": 188, "paper": 0.9270442411244019, "own": 0.8806920290681818, "gap": -5.000000000000004}