{"num_clients": 159, "paper": 0.9406825597593583, "own": 0.9406825597593583, "gap": 0.0}