{"num_clients": 186, "paper": 0.9120716297129187, "own": 0.8664680482272727, "gap": -4.999999999999993}