{"num_clients": 11, "paper": 0.7021961922727272, "own": 0.4681307948484848, "gap": -33.333333333333336}