{"num_clients": 136, "paper": 0.8736812919155844, "own": 0.9408875451398602, "gap": 7.692307692307687}