{"num_clients": 135, "paper": 0.8486577603636364, "own": 0.7956166503409091, "gap": -6.25}