{"num_clients": 91, "paper": 0.8125040607727273, "own": 0.738640055247934, "gap": -9.090909090909083}