{"num_clients": 194, "paper": 0.9032110584318183, "own": 0.8602010080303031, "gap": -4.761904761904767}