{"num_clients": 200, "paper": 0.8405251781611571, "own": 0.8805501866450217, "gap": 4.761904761904767}