{"num_clients": 209, "paper": 0.8395015757509882, "own": 0.9194541067748917, "gap": 9.523809523809511}