{"num_clients": 72, "paper": 0.8427628160227273, "own": 0.8427628160227273, "gap": 0.0}