{"num_clients": 91, "paper": 0.9109573996464646, "own": 0.7453287815289257, "gap": -18.181818181818176}