{"num_clients": 65, "paper": 0.834504988051948, "own": 0.7301918645454546, "gap": -12.49999999999999}