{"num_clients": 147, "paper": 0.920342108090909, "own": 0.8628207263352273, "gap": -6.249999999999989}