{"num_clients": 146, "paper": 0.818101807486631, "own": 0.9271820484848484, "gap": 13.33333333333333}