{"num_clients": 94, "paper": 0.902202291, "own": 0.902202291, "gap": 0.0}