{"num_clients": 67, "paper": 0.90479228875, "own": 0.8042598122222222, "gap": -11.111111111111105}