{"num_clients": 17, "paper": 0.6537272727272727, "own": 0.4358181818181818, "gap": -33.33333333333333}