{"num_clients": 109, "paper": 0.8808011395104896, "own": 0.954201234469697, "gap": 8.333333333333325}