{"num_clients": 121, "paper": 0.8890228336363636, "own": 0.8297546447272727, "gap": -6.666666666666665}