{"num_clients": 8, "paper": 0.5206313122727273, "own": 0.26031565613636365, "gap": -50.0}