{"num_clients": 115, "paper": 0.8085970961038961, "own": 0.8707968727272727, "gap": 7.692307692307687}