{"num_clients": 120, "paper": 0.8578266956643357, "own": 0.9293122536363635, "gap": 8.333333333333325}