{"num_clients": 153, "paper": 0.8946281158522728, "own": 0.8420029325668449, "gap": -5.882352941176472}