{"num_clients": 117, "paper": 0.7933861419155844, "own": 0.7933861419155844, "gap": 0.0}