{"num_clients": 7, "paper": 0.4033181818181818, "own": 0.20165909090909093, "gap": -49.999999999999986}