{"num_clients": 30, "paper": 0.8564131189393939, "own": 0.6423098392045454, "gap": -25.0}