{"num_clients": 34, "paper": 0.9339042217045455, "own": 0.7471233773636363, "gap": -20.000000000000007}