{"num_clients": 151, "paper": 0.9001698948011364, "own": 0.9001698948011364, "gap": 0.0}