{"num_clients": 168, "paper": 0.8581659767224881, "own": 0.9058418643181818, "gap": 5.555555555555558}