{"num_clients": 118, "paper": 0.8992085075378787, "own": 0.8992085075378787, "gap": 0.0}