{"num_clients": 148, "paper": 0.9392729393181819, "own": 0.9392729393181819, "gap": 0.0}