{"num_clients": 71, "paper": 0.8532360136363637, "own": 0.8532360136363637, "gap": 0.0}