{"num_clients": 108, "paper": 0.9031286390082645, "own": 0.8278679190909091, "gap": -8.333333333333337}