{"num_clients": 153, "paper": 0.8810374354829545, "own": 0.9397732645151515, "gap": 6.666666666666665}