{"num_clients": 191, "paper": 0.8764656899545453, "own": 0.8347292285281386, "gap": -4.761904761904745}