{"num_clients": 201, "paper": 0.8736786137662337, "own": 0.9656447836363634, "gap": 10.526315789473673}