{"num_clients": 168, "paper": 0.8598509552272726, "own": 0.8598509552272727, "gap": 2.220446049250313e-14}