{"num_clients": 148, "paper": 0.8343623057219252, "own": 0.9456106131515152, "gap": 13.33333333333333}