{"num_clients": 175, "paper": 0.8996824804797979, "own": 0.952604979331551, "gap": 5.882352941176494}