{"num_clients": 123, "paper": 0.8814815437121212, "own": 0.9616162295041323, "gap": 9.090909090909104}