{"num_clients": 29, "paper": 0.795451345, "own": 0.795451345, "gap": 0.0}