{"num_clients": 69, "paper": 0.871466087784091, "own": 0.8714660877840908, "gap": -1.1102230246251565e-14}