{"num_clients": 189, "paper": 0.909521155, "own": 0.86404509725, "gap": -4.999999999999993}