{"num_clients": 181, "paper": 0.833042883116883, "own": 0.9207316076555023, "gap": 10.526315789473696}