{"num_clients": 96, "paper": 0.9071715594090909, "own": 0.9071715594090909, "gap": 0.0}