{"num_clients": 12, "paper": 0.7462811281818182, "own": 0.7462811281818182, "gap": 0.0}