{"num_clients": 154, "paper": 0.8444104889898989, "own": 0.8940816942245989, "gap": 5.882352941176472}