{"num_clients": 209, "paper": 0.8822314453719009, "own": 0.9242424665800867, "gap": 4.761904761904767}