{"num_clients": 42, "paper": 0.8586364340909092, "own": 0.8586364340909091, "gap": -1.1102230246251565e-14}