{"num_clients": 141, "paper": 0.8678956745779222, "own": 0.867895674577922, "gap": -1.1102230246251565e-14}