{"num_clients": 32, "paper": 0.7989674946969697, "own": 0.5992256210227273, "gap": -25.0}