{"num_clients": 95, "paper": 0.8396309056060606, "own": 0.9159609879338843, "gap": 9.090909090909083}