{"num_clients": 24, "paper": 0.7049116159090909, "own": 0.7049116159090909, "gap": 0.0}