{"num_clients": 86, "paper": 0.9034118073232322, "own": 0.9034118073232322, "gap": 0.0}