{"num_clients": 133, "paper": 0.8703943395779221, "own": 0.9373477503146853, "gap": 7.692307692307687}