{"num_clients": 62, "paper": 0.7900622836868687, "own": 0.7900622836868687, "gap": 0.0}