{"num_clients": 157, "paper": 0.8828190116042781, "own": 0.8828190116042781, "gap": 0.0}