{"num_clients": 21, "paper": 0.7277220277272728, "own": 0.7277220277272728, "gap": 0.0}