{"num_clients": 88, "paper": 0.8887415254545455, "own": 0.8887415254545454, "gap": -1.1102230246251565e-14}