{"num_clients": 193, "paper": 0.879875885930736, "own": 0.9724944002392345, "gap": 10.526315789473696}