{"num_clients": 95, "paper": 0.8803966469421488, "own": 0.8803966469421488, "gap": 0.0}