{"num_clients": 134, "paper": 0.868695477939394, "own": 0.868695477939394, "gap": 0.0}