{"num_clients": 133, "paper": 0.8390649635454545, "own": 0.8989981752272728, "gap": 7.142857142857162}