{"num_clients": 166, "paper": 0.8858583114171124, "own": 0.9412244558806818, "gap": 6.25}