{"num_clients": 42, "paper": 0.7366912413636364, "own": 0.7366912413636364, "gap": 0.0}