{"num_clients": 70, "paper": 0.7894565904545454, "own": 0.7894565904545454, "gap": 0.0}