{"num_clients": 106, "paper": 0.9106253296464646, "own": 0.8195627966818181, "gap": -10.000000000000009}