{"num_clients": 38, "paper": 0.8840571442424242, "own": 0.8840571442424242, "gap": 0.0}