{"num_clients": 103, "paper": 0.891127670590909, "own": 0.8101160641735536, "gap": -9.090909090909093}