{"num_clients": 167, "paper": 0.8678203622727273, "own": 0.7764708504545454, "gap": -10.526315789473683}