{"num_clients": 189, "paper": 0.9156016999282296, "own": 0.9664684610353534, "gap": 5.555555555555558}