{"num_clients": 193, "paper": 0.9101986211818183, "own": 0.958103811770335, "gap": 5.263157894736836}