{"num_clients": 165, "paper": 0.8784055213368984, "own": 0.9333058664204545, "gap": 6.25}