{"num_clients": 50, "paper": 0.8016200762727272, "own": 0.6680167302272727, "gap": -16.666666666666664}