{"num_clients": 183, "paper": 0.873691069840909, "own": 0.9196748103588517, "gap": 5.2631578947368585}