{"num_clients": 130, "paper": 0.8895159321103895, "own": 0.9579402345804197, "gap": 7.692307692307709}