{"num_clients": 153, "paper": 0.906075075625, "own": 0.8527765417647059, "gap": -5.882352941176472}