{"num_clients": 36, "paper": 0.7774338705681818, "own": 0.6219470964545455, "gap": -19.999999999999996}