{"num_clients": 182, "paper": 0.8357340091363638, "own": 0.9832164813368983, "gap": 17.64705882352939}