{"num_clients": 210, "paper": 0.8484600737747037, "own": 0.9292657950865801, "gap": 9.523809523809511}