{"num_clients": 96, "paper": 0.8957189894090909, "own": 0.8142899903719009, "gap": -9.090909090909083}