{"num_clients": 30, "paper": 0.8516725749999999, "own": 0.63875443125, "gap": -25.0}