{"num_clients": 166, "paper": 0.8865272344385027, "own": 0.8865272344385027, "gap": 0.0}