{"num_clients": 179, "paper": 0.9123033832828283, "own": 0.9659682881818182, "gap": 5.882352941176472}