{"num_clients": 212, "paper": 0.8522301660079051, "own": 0.8909679008264463, "gap": 4.545454545454541}