{"num_clients": 77, "paper": 0.8808444210227273, "own": 0.8808444210227273, "gap": 0.0}