{"num_clients": 204, "paper": 0.8760380413852813, "own": 0.9682525720574162, "gap": 10.526315789473696}