{"num_clients": 79, "paper": 0.8661853934659091, "own": 0.8661853934659092, "gap": 2.220446049250313e-14}