{"num_clients": 25, "paper": 0.7943683177272728, "own": 0.7943683177272728, "gap": 0.0}