{"num_clients": 91, "paper": 0.858458248590909, "own": 0.8584582485909091, "gap": 2.220446049250313e-14}