{"num_clients": 151, "paper": 0.8259057713636364, "own": 0.8775248820738637, "gap": 6.25}