{"num_clients": 100, "paper": 0.7926989938636364, "own": 0.9512387926363637, "gap": 19.999999999999996}