{"num_clients": 84, "paper": 0.8132139402892562, "own": 0.6881041033216783, "gap": -15.384615384615397}