{"num_clients": 137, "paper": 0.9120960596103896, "own": 0.8512896556363637, "gap": -6.666666666666665}