{"num_clients": 107, "paper": 0.8662205752651516, "own": 0.8662205752651516, "gap": 0.0}