{"num_clients": 72, "paper": 0.8796733489772728, "own": 0.8796733489772728, "gap": 0.0}