{"num_clients": 62, "paper": 0.7663665506060605, "own": 0.6897298955454546, "gap": -9.999999999999986}