{"num_clients": 99, "paper": 0.8614644577727273, "own": 0.9571827308585859, "gap": 11.111111111111116}