{"num_clients": 96, "paper": 0.9189446556363636, "own": 0.9189446556363636, "gap": 0.0}