{"num_clients": 24, "paper": 0.9192074118181818, "own": 0.5515244470909091, "gap": -40.0}