{"num_clients": 23, "paper": 0.698001412121212, "own": 0.698001412121212, "gap": 0.0}