{"num_clients": 157, "paper": 0.9047172951704545, "own": 0.9047172951704545, "gap": 0.0}