{"num_clients": 111, "paper": 0.853135809090909, "own": 0.853135809090909, "gap": 0.0}