{"num_clients": 51, "paper": 0.7655078491818181, "own": 0.7655078491818182, "gap": 2.220446049250313e-14}