{"num_clients": 131, "paper": 0.9370781774825174, "own": 0.870144021948052, "gap": -7.14285714285714}