{"num_clients": 34, "paper": 0.7946336307954546, "own": 0.6357069046363637, "gap": -19.999999999999996}