{"num_clients": 19, "paper": 0.9274899986363636, "own": 0.4637449993181818, "gap": -50.0}