{"num_clients": 127, "paper": 0.862609663474026, "own": 0.7547834555397728, "gap": -12.5}