{"num_clients": 134, "paper": 0.9048608488311688, "own": 0.9048608488311688, "gap": 0.0}