{"num_clients": 129, "paper": 0.8602782170629371, "own": 0.9319680684848485, "gap": 8.333333333333325}