{"num_clients": 8, "paper": 0.6767420945454545, "own": 0.33837104727272727, "gap": -50.0}