{"num_clients": 203, "paper": 0.8573235022933884, "own": 0.8573235022933884, "gap": 0.0}