{"num_clients": 7, "paper": 0.32588567454545453, "own": 0.32588567454545453, "gap": 0.0}