{"num_clients": 71, "paper": 0.8533127292045455, "own": 0.8533127292045455, "gap": 0.0}