{"num_clients": 205, "paper": 0.8732238197107438, "own": 0.8732238197107438, "gap": 0.0}