{"num_clients": 131, "paper": 0.8732543240909091, "own": 0.9356296329545454, "gap": 7.14285714285714}