{"num_clients": 107, "paper": 0.8382751933566434, "own": 0.8382751933566434, "gap": 0.0}