{"num_clients": 26, "paper": 0.8701837313636364, "own": 0.6526377985227273, "gap": -25.0}