{"num_clients": 182, "paper": 0.9066589082323233, "own": 0.9599917851871659, "gap": 5.882352941176472}