{"num_clients": 173, "paper": 0.835674954569378, "own": 0.9339896551069519, "gap": 11.764705882352944}