{"num_clients": 125, "paper": 0.9068673905944056, "own": 0.9068673905944056, "gap": 0.0}