{"num_clients": 49, "paper": 0.8804846504545454, "own": 0.7337372087121213, "gap": -16.66666666666664}