{"num_clients": 25, "paper": 0.6895746631818183, "own": 0.6895746631818183, "gap": 0.0}