{"num_clients": 88, "paper": 0.8462562874545455, "own": 0.9402847638383839, "gap": 11.111111111111116}