{"num_clients": 195, "paper": 0.8905850284090908, "own": 0.9895389204545455, "gap": 11.11111111111114}