{"num_clients": 77, "paper": 0.884653148989899, "own": 0.7961878340909091, "gap": -9.999999999999998}