{"num_clients": 199, "paper": 0.8650820454761905, "own": 0.90833614775, "gap": 5.000000000000004}