{"num_clients": 99, "paper": 0.9184113221717172, "own": 0.8265701899545455, "gap": -9.999999999999998}