{"num_clients": 71, "paper": 0.8964724471022727, "own": 0.8964724471022726, "gap": -1.1102230246251565e-14}