{"num_clients": 181, "paper": 0.8820276638038278, "own": 0.9857956242513369, "gap": 11.764705882352944}