{"num_clients": 116, "paper": 0.870963055, "own": 0.9580593605000001, "gap": 10.000000000000009}