{"num_clients": 190, "paper": 0.9323451564898989, "own": 0.9871889892245989, "gap": 5.882352941176472}