{"num_clients": 76, "paper": 0.9417257537662337, "own": 0.7324533640404041, "gap": -22.22222222222221}