{"num_clients": 111, "paper": 0.9378538897727272, "own": 0.8657112828671328, "gap": -7.692307692307687}