{"num_clients": 65, "paper": 0.9097723703787879, "own": 0.9097723703787879, "gap": 0.0}