{"num_clients": 130, "paper": 0.8950749067532467, "own": 0.8950749067532467, "gap": 0.0}