{"num_clients": 175, "paper": 0.8666684689393941, "own": 0.9750020275568181, "gap": 12.499999999999979}