{"num_clients": 104, "paper": 0.9060138329545454, "own": 0.8236489390495868, "gap": -9.090909090909083}