{"num_clients": 40, "paper": 0.8246731633636364, "own": 0.8246731633636364, "gap": 0.0}