{"num_clients": 25, "paper": 0.7170994736363636, "own": 0.47806631575757574, "gap": -33.333333333333336}