{"num_clients": 78, "paper": 0.8407865836363637, "own": 0.9342073151515152, "gap": 11.111111111111116}