{"num_clients": 96, "paper": 0.8301323765530303, "own": 0.9055989562396694, "gap": 9.090909090909083}