{"num_clients": 108, "paper": 0.7831061501398602, "own": 0.9254890865289256, "gap": 18.181818181818166}