{"num_clients": 85, "paper": 0.9115262171022728, "own": 0.8102455263131313, "gap": -11.111111111111116}