{"num_clients": 84, "paper": 0.8968263571717172, "own": 0.7337670195041323, "gap": -18.181818181818187}