{"num_clients": 83, "paper": 0.9369159463068182, "own": 0.9369159463068182, "gap": 0.0}