{"num_clients": 122, "paper": 0.8429036487762237, "own": 0.9131456195075757, "gap": 8.333333333333325}