{"num_clients": 91, "paper": 0.9155231042613636, "own": 0.8137983148989899, "gap": -11.111111111111105}