{"num_clients": 46, "paper": 0.8091928812727274, "own": 0.8091928812727274, "gap": 0.0}