{"num_clients": 195, "paper": 0.8900676959772728, "own": 0.8900676959772728, "gap": 0.0}