{"num_clients": 120, "paper": 0.8917466180578512, "own": 0.8917466180578512, "gap": 0.0}