{"num_clients": 137, "paper": 0.8686979566783216, "own": 0.8066481026298701, "gap": -7.14285714285714}