{"num_clients": 125, "paper": 0.9250129810606061, "own": 0.9250129810606061, "gap": 0.0}