{"num_clients": 54, "paper": 0.9368069976515151, "own": 0.9368069976515151, "gap": 0.0}