{"num_clients": 139, "paper": 0.8796538251136363, "own": 0.8796538251136364, "gap": 2.220446049250313e-14}