{"num_clients": 186, "paper": 0.8475532121818181, "own": 0.9417257913131313, "gap": 11.111111111111116}