{"num_clients": 80, "paper": 0.9035221516666666, "own": 0.8131699364999999, "gap": -10.000000000000009}