{"num_clients": 95, "paper": 0.8530650494214875, "own": 0.8530650494214875, "gap": 0.0}