{"num_clients": 123, "paper": 0.8955068376859504, "own": 0.8208812678787879, "gap": -8.333333333333325}