{"num_clients": 189, "paper": 0.8860855931363638, "own": 0.9845395479292929, "gap": 11.111111111111093}