{"num_clients": 171, "paper": 0.8979467234848486, "own": 0.950767118983957, "gap": 5.8823529411764275}