{"num_clients": 77, "paper": 0.8593917553030304, "own": 0.8593917553030304, "gap": 0.0}