{"num_clients": 60, "paper": 0.8504161118939394, "own": 0.7289280959090909, "gap": -14.28571428571429}