{"num_clients": 116, "paper": 0.945020462409091, "own": 0.8591095112809917, "gap": -9.090909090909104}