{"num_clients": 111, "paper": 0.880059718553719, "own": 0.880059718553719, "gap": 0.0}