{"num_clients": 7, "paper": 0.8930372959090909, "own": 0.44651864795454543, "gap": -50.0}