{"num_clients": 145, "paper": 0.9072532917207791, "own": 0.9770420064685316, "gap": 7.692307692307732}