{"num_clients": 21, "paper": 0.8461801342424242, "own": 0.6346351006818182, "gap": -25.0}