{"num_clients": 82, "paper": 0.8901805252020201, "own": 0.8901805252020202, "gap": 2.220446049250313e-14}