{"num_clients": 17, "paper": 0.6409268115909091, "own": 0.4272845410606061, "gap": -33.333333333333336}