{"num_clients": 14, "paper": 0.5061303711363636, "own": 0.5061303711363636, "gap": 0.0}