{"num_clients": 5, "paper": 0.3288181818181818, "own": 0.3288181818181818, "gap": 0.0}