{"num_clients": 153, "paper": 0.8811983633806818, "own": 0.8811983633806818, "gap": 0.0}