{"num_clients": 213, "paper": 0.8501853702173913, "own": 0.8888301597727272, "gap": 4.545454545454541}