{"num_clients": 95, "paper": 0.9221086141818182, "own": 0.7684238451515152, "gap": -16.666666666666664}