{"num_clients": 117, "paper": 0.9126520116818181, "own": 0.9126520116818181, "gap": 0.0}