{"num_clients": 101, "paper": 0.9304794557575757, "own": 0.8374315101818182, "gap": -9.999999999999998}