{"num_clients": 21, "paper": 0.8006439393939394, "own": 0.6004829545454545, "gap": -25.0}