{"num_clients": 193, "paper": 0.8533025151298701, "own": 0.9431238325119617, "gap": 10.526315789473696}