{"num_clients": 73, "paper": 0.8588026519318182, "own": 0.8588026519318182, "gap": 0.0}