{"num_clients": 121, "paper": 0.9411960021969697, "own": 0.9411960021969697, "gap": 0.0}