{"num_clients": 101, "paper": 0.830760448560606, "own": 0.9062841257024793, "gap": 9.090909090909083}