{"num_clients": 125, "paper": 0.9145959876923077, "own": 0.8492677028571428, "gap": -7.14285714285714}