{"num_clients": 149, "paper": 0.8989963641477272, "own": 0.8461142250802139, "gap": -5.88235294117646}