{"num_clients": 180, "paper": 0.8871453965656566, "own": 0.9393304198930481, "gap": 5.882352941176472}