{"num_clients": 41, "paper": 0.9026133843181818, "own": 0.7220907074545455, "gap": -19.999999999999996}