{"num_clients": 69, "paper": 0.8867277270129871, "own": 0.689677121010101, "gap": -22.22222222222222}