{"num_clients": 11, "paper": 0.5131000913636363, "own": 0.17103336378787878, "gap": -66.66666666666666}