{"num_clients": 187, "paper": 0.9035637180681819, "own": 0.9511197032296648, "gap": 5.263157894736792}