{"num_clients": 90, "paper": 0.8557770629545456, "own": 0.9780309290909089, "gap": 14.285714285714256}