{"num_clients": 42, "paper": 0.7933344965909092, "own": 0.793334496590909, "gap": -1.1102230246251565e-14}