{"num_clients": 163, "paper": 0.9351949088920455, "own": 0.8801834436631016, "gap": -5.882352941176472}