{"num_clients": 30, "paper": 0.7527164670909091, "own": 0.9408955838636364, "gap": 25.0}