{"num_clients": 26, "paper": 0.7867364122727273, "own": 0.7867364122727272, "gap": -1.1102230246251565e-14}