{"num_clients": 133, "paper": 0.8892945622377623, "own": 0.8892945622377623, "gap": 0.0}