{"num_clients": 137, "paper": 0.8942932950974026, "own": 0.8942932950974026, "gap": 0.0}