{"num_clients": 71, "paper": 0.8614967121212121, "own": 0.9691838011363636, "gap": 12.5}