{"num_clients": 154, "paper": 0.9132157926573427, "own": 0.8479860931818183, "gap": -7.142857142857128}