{"num_clients": 139, "paper": 0.9129080172077922, "own": 0.9831317108391608, "gap": 7.692307692307687}