{"num_clients": 26, "paper": 0.6916774865151515, "own": 0.5187581148863637, "gap": -24.99999999999999}