{"num_clients": 178, "paper": 0.8918037394736843, "own": 0.8918037394736843, "gap": 0.0}