{"num_clients": 96, "paper": 0.8926808074545454, "own": 0.8926808074545454, "gap": 0.0}