{"num_clients": 49, "paper": 0.7811020438961039, "own": 0.9112857178787879, "gap": 16.66666666666665}