{"num_clients": 139, "paper": 0.9072788384242424, "own": 0.9072788384242424, "gap": 0.0}