{"num_clients": 117, "paper": 0.9077359275757576, "own": 0.9077359275757576, "gap": 0.0}