{"num_clients": 128, "paper": 0.8965696902097903, "own": 0.8965696902097903, "gap": 0.0}