{"num_clients": 17, "paper": 0.5894759156818181, "own": 0.5894759156818181, "gap": 0.0}