{"num_clients": 187, "paper": 0.8931063077045455, "own": 0.8931063077045455, "gap": 0.0}