{"num_clients": 133, "paper": 0.855160372060606, "own": 0.9867235062237761, "gap": 15.384615384615374}