{"num_clients": 206, "paper": 0.9096980873863636, "own": 0.957576934090909, "gap": 5.263157894736836}