{"num_clients": 192, "paper": 0.8965040957655501, "own": 0.8516788909772727, "gap": -4.999999999999993}