{"num_clients": 65, "paper": 0.8501126949242425, "own": 0.6375845211931818, "gap": -25.00000000000001}