{"num_clients": 17, "paper": 0.763587120909091, "own": 0.7635871209090909, "gap": -1.1102230246251565e-14}