{"num_clients": 11, "paper": 0.5639886363636364, "own": 0.5639886363636364, "gap": 0.0}