{"num_clients": 70, "paper": 0.897330836948052, "own": 0.7851644823295454, "gap": -12.500000000000021}