{"num_clients": 209, "paper": 0.9212359730735932, "own": 0.879361610661157, "gap": -4.545454545454552}