{"num_clients": 115, "paper": 0.8564298609504132, "own": 0.9420728470454545, "gap": 9.999999999999986}