{"num_clients": 35, "paper": 0.9767382086363637, "own": 0.5860429251818182, "gap": -40.0}