{"num_clients": 160, "paper": 0.928433843, "own": 0.928433843, "gap": 0.0}