{"num_clients": 112, "paper": 0.8900681604545454, "own": 0.9889646227272727, "gap": 11.111111111111116}