{"num_clients": 147, "paper": 0.8794075763030303, "own": 0.9422224031818182, "gap": 7.14285714285714}