{"num_clients": 166, "paper": 0.8472175254784688, "own": 0.8942851657828282, "gap": 5.555555555555558}