{"num_clients": 25, "paper": 0.7699776092424241, "own": 0.5774832069318182, "gap": -24.99999999999998}