{"num_clients": 137, "paper": 0.8663126150852273, "own": 0.9240667894242425, "gap": 6.666666666666665}