{"num_clients": 151, "paper": 0.8731090901420455, "own": 0.8731090901420454, "gap": -1.1102230246251565e-14}