{"num_clients": 32, "paper": 0.7516934111363636, "own": 0.5011289407575757, "gap": -33.33333333333333}