{"num_clients": 208, "paper": 0.9058173629004329, "own": 0.9058173629004329, "gap": 0.0}