{"num_clients": 37, "paper": 0.8368293523863637, "own": 0.669463481909091, "gap": -19.999999999999996}