{"num_clients": 182, "paper": 0.8767030354545454, "own": 0.8767030354545454, "gap": 0.0}