{"num_clients": 156, "paper": 0.8790235521925133, "own": 0.7864947572248804, "gap": -10.526315789473673}