{"num_clients": 212, "paper": 0.8784295629132232, "own": 0.9202595420995672, "gap": 4.761904761904767}