{"num_clients": 34, "paper": 0.8593894718181818, "own": 0.8593894718181818, "gap": 0.0}