{"num_clients": 20, "paper": 0.7768504918181819, "own": 0.5826378688636364, "gap": -25.0}