{"num_clients": 206, "paper": 0.8713651248140496, "own": 0.9128587021861472, "gap": 4.761904761904767}