{"num_clients": 120, "paper": 0.8846424328409092, "own": 0.81659301493007, "gap": -7.692307692307699}