{"num_clients": 97, "paper": 0.9291018116363636, "own": 0.8446380105785124, "gap": -9.090909090909093}