{"num_clients": 123, "paper": 0.8619794639510491, "own": 0.8619794639510491, "gap": 0.0}