{"num_clients": 82, "paper": 0.8735048213636364, "own": 0.8735048213636364, "gap": 0.0}