{"num_clients": 168, "paper": 0.8074132820095694, "own": 0.8522695754545455, "gap": 5.555555555555558}