{"num_clients": 61, "paper": 0.8473373487012986, "own": 0.8473373487012987, "gap": 2.220446049250313e-14}