{"num_clients": 77, "paper": 0.9539783247402598, "own": 0.9539783247402598, "gap": 0.0}