{"num_clients": 214, "paper": 0.8949355316735538, "own": 0.8949355316735538, "gap": 0.0}