{"num_clients": 131, "paper": 0.8831864014685314, "own": 0.8831864014685314, "gap": 0.0}