{"num_clients": 44, "paper": 0.9102375612727271, "own": 0.6501696866233766, "gap": -28.57142857142857}