{"num_clients": 51, "paper": 0.8786782333636364, "own": 0.7322318611363636, "gap": -16.666666666666675}