{"num_clients": 68, "paper": 0.8468721039772726, "own": 0.7527752035353535, "gap": -11.111111111111105}