{"num_clients": 55, "paper": 0.9232862140909092, "own": 0.6594901529220779, "gap": -28.57142857142858}