{"num_clients": 17, "paper": 0.6864849846969697, "own": 0.6864849846969697, "gap": 0.0}