{"num_clients": 71, "paper": 0.9017213882467533, "own": 0.9017213882467533, "gap": 0.0}