{"num_clients": 80, "paper": 0.8227152092727273, "own": 0.8227152092727273, "gap": 0.0}