{"num_clients": 178, "paper": 0.8407969730681819, "own": 0.9342188589646465, "gap": 11.111111111111116}