{"num_clients": 13, "paper": 0.6073269261363636, "own": 0.6073269261363636, "gap": 0.0}