{"num_clients": 57, "paper": 0.841619352878788, "own": 0.7213880167532467, "gap": -14.285714285714302}