{"num_clients": 31, "paper": 0.8558322366666666, "own": 0.6418741775, "gap": -25.0}