{"num_clients": 8, "paper": 0.6675852272727273, "own": 0.6675852272727273, "gap": 0.0}