{"num_clients": 143, "paper": 0.8298951244652407, "own": 0.9405478077272726, "gap": 13.333333333333307}