{"num_clients": 63, "paper": 0.8727833063636363, "own": 0.8727833063636363, "gap": 0.0}