{"num_clients": 58, "paper": 0.8276073800757576, "own": 0.7093777543506493, "gap": -14.28571428571429}