{"num_clients": 57, "paper": 0.8112259715909091, "own": 0.7210897525252525, "gap": -11.111111111111116}