{"num_clients": 42, "paper": 0.8320458443636364, "own": 0.8320458443636364, "gap": 0.0}