{"num_clients": 27, "paper": 0.7012307511363637, "own": 0.7012307511363637, "gap": 0.0}