{"num_clients": 96, "paper": 0.8485323773553719, "own": 0.7778213459090909, "gap": -8.333333333333337}