{"num_clients": 5, "paper": 0.3993181818181818, "own": 0.1996590909090909, "gap": -50.0}