{"num_clients": 106, "paper": 0.8743414164545454, "own": 0.8743414164545454, "gap": 0.0}