{"num_clients": 44, "paper": 0.802249240090909, "own": 0.802249240090909, "gap": 0.0}