{"num_clients": 40, "paper": 0.86782296125, "own": 0.86782296125, "gap": 0.0}