{"num_clients": 179, "paper": 0.9258270744949494, "own": 0.8770993337320574, "gap": -5.263157894736836}