{"num_clients": 55, "paper": 0.7734266859090909, "own": 0.8839162124675325, "gap": 14.28571428571428}