{"num_clients": 89, "paper": 0.8916278970661157, "own": 0.817325572310606, "gap": -8.333333333333337}