{"num_clients": 58, "paper": 0.8891811053030304, "own": 0.8891811053030304, "gap": 0.0}