{"num_clients": 195, "paper": 0.8749799225681818, "own": 0.9210314974401913, "gap": 5.263157894736836}