{"num_clients": 11, "paper": 0.6608613400000001, "own": 0.6608613400000001, "gap": 0.0}