{"num_clients": 48, "paper": 0.9298264250000001, "own": 0.9298264249999999, "gap": -2.220446049250313e-14}