{"num_clients": 164, "paper": 0.8770194840374331, "own": 0.8282961793686868, "gap": -5.555555555555558}