{"num_clients": 37, "paper": 0.6399282826363637, "own": 0.5332735688636364, "gap": -16.666666666666664}