{"num_clients": 69, "paper": 0.8666082049999999, "own": 0.7799473845, "gap": -9.999999999999986}