{"num_clients": 22, "paper": 0.7711290484090909, "own": 0.5140860322727273, "gap": -33.33333333333333}