{"num_clients": 88, "paper": 0.9391016910227272, "own": 0.8347570586868687, "gap": -11.111111111111105}