{"num_clients": 30, "paper": 0.8671829748863636, "own": 0.6937463799090909, "gap": -19.999999999999996}