{"num_clients": 105, "paper": 0.8325002043560606, "own": 0.9081820411157024, "gap": 9.090909090909083}