{"num_clients": 149, "paper": 0.9375477078571429, "own": 0.8750445273333334, "gap": -6.666666666666665}