{"num_clients": 80, "paper": 0.9471972170129871, "own": 0.8287975648863637, "gap": -12.5}