{"num_clients": 135, "paper": 0.8808632180194805, "own": 0.8221390034848485, "gap": -6.666666666666665}