{"num_clients": 85, "paper": 0.9269497258522729, "own": 0.9269497258522726, "gap": -2.220446049250313e-14}