{"num_clients": 122, "paper": 0.8565380409090909, "own": 0.9224255825174825, "gap": 7.692307692307687}