{"num_clients": 184, "paper": 0.9179843435858586, "own": 0.9179843435858586, "gap": 0.0}