{"num_clients": 138, "paper": 0.883175791958042, "own": 0.8200918068181818, "gap": -7.14285714285714}