{"num_clients": 116, "paper": 0.8536217573863637, "own": 0.8536217573863637, "gap": 0.0}