{"num_clients": 80, "paper": 0.8246084374747474, "own": 0.674679630661157, "gap": -18.181818181818176}