{"num_clients": 149, "paper": 0.8424358397860962, "own": 0.9547606184242425, "gap": 13.333333333333353}