{"num_clients": 109, "paper": 0.863517327231405, "own": 0.863517327231405, "gap": 0.0}