{"num_clients": 118, "paper": 0.8850866198863637, "own": 0.9655490398760331, "gap": 9.090909090909083}