{"num_clients": 159, "paper": 0.9411323134242424, "own": 0.8823115438352273, "gap": -6.25}