{"num_clients": 22, "paper": 0.8261040209090909, "own": 0.8261040209090909, "gap": 0.0}