{"num_clients": 36, "paper": 0.7955671715454546, "own": 0.7955671715454545, "gap": -1.1102230246251565e-14}