{"num_clients": 77, "paper": 0.882190168116883, "own": 0.8821901681168832, "gap": 2.220446049250313e-14}