{"num_clients": 88, "paper": 0.8859750462121212, "own": 0.8859750462121212, "gap": 0.0}