{"num_clients": 105, "paper": 0.9063739340530304, "own": 0.9063739340530304, "gap": 0.0}