{"num_clients": 48, "paper": 0.8939125653409091, "own": 0.7151300522727273, "gap": -19.999999999999996}