{"num_clients": 155, "paper": 0.8308225232828284, "own": 0.8308225232828284, "gap": 0.0}