{"num_clients": 132, "paper": 0.9128066767532468, "own": 0.9128066767532468, "gap": 0.0}