{"num_clients": 68, "paper": 0.8877060074025974, "own": 0.8877060074025974, "gap": 0.0}