{"num_clients": 56, "paper": 0.9489110168181819, "own": 0.7907591806818183, "gap": -16.666666666666664}