{"num_clients": 56, "paper": 0.8944351000757575, "own": 0.8944351000757575, "gap": 0.0}