{"num_clients": 186, "paper": 0.8481044973863636, "own": 0.8481044973863636, "gap": 0.0}