{"num_clients": 32, "paper": 0.7507866160227272, "own": 0.7507866160227273, "gap": 2.220446049250313e-14}