{"num_clients": 48, "paper": 0.8817177961818181, "own": 0.7347648301515152, "gap": -16.666666666666664}