{"num_clients": 100, "paper": 0.9005587056818183, "own": 0.9005587056818183, "gap": 0.0}