{"num_clients": 131, "paper": 0.8483860057142857, "own": 0.8483860057142857, "gap": 0.0}