{"num_clients": 35, "paper": 0.8197527543939395, "own": 0.49185165263636366, "gap": -40.0}