{"num_clients": 82, "paper": 0.8758786139393939, "own": 0.9853634406818181, "gap": 12.5}