{"num_clients": 203, "paper": 0.8022048436561265, "own": 0.87860530495671, "gap": 9.523809523809511}