{"num_clients": 155, "paper": 0.9011706474147727, "own": 0.801040575479798, "gap": -11.111111111111105}