{"num_clients": 83, "paper": 0.908768433080808, "own": 0.6815763248106061, "gap": -24.99999999999999}