{"num_clients": 36, "paper": 0.7817931368181819, "own": 0.6254345094545455, "gap": -19.999999999999996}