{"num_clients": 108, "paper": 0.9692132398636364, "own": 0.8811029453305785, "gap": -9.090909090909093}