{"num_clients": 45, "paper": 0.7525920810795454, "own": 0.8601052355194805, "gap": 14.28571428571428}