{"num_clients": 34, "paper": 0.6119776949090909, "own": 0.7649721186363636, "gap": 25.0}