{"num_clients": 188, "paper": 0.907372501076555, "own": 0.8620038760227272, "gap": -5.000000000000004}