{"num_clients": 135, "paper": 0.9043396813636364, "own": 0.9043396813636364, "gap": 0.0}