{"num_clients": 15, "paper": 0.671206535, "own": 0.671206535, "gap": 0.0}