{"num_clients": 48, "paper": 0.8380101322727272, "own": 0.6983417768939394, "gap": -16.666666666666664}