{"num_clients": 159, "paper": 0.9165712694848485, "own": 0.9820406458766234, "gap": 7.142857142857162}