{"num_clients": 100, "paper": 0.8668563969834711, "own": 0.7946183639015151, "gap": -8.333333333333337}