{"num_clients": 112, "paper": 0.8977825341666668, "own": 0.8977825341666668, "gap": 0.0}