{"num_clients": 113, "paper": 0.9178835823966942, "own": 0.9178835823966942, "gap": 0.0}