{"num_clients": 23, "paper": 0.9921280015909091, "own": 0.6614186677272728, "gap": -33.33333333333333}