{"num_clients": 162, "paper": 0.8566729578877004, "own": 0.9708960189393939, "gap": 13.333333333333353}