{"num_clients": 107, "paper": 0.8669132944755245, "own": 0.8669132944755245, "gap": 0.0}