{"num_clients": 70, "paper": 0.9537727243939393, "own": 0.9537727243939393, "gap": 0.0}