{"num_clients": 32, "paper": 0.894708271060606, "own": 0.5368249626363636, "gap": -40.0}