{"num_clients": 169, "paper": 0.8959651397727273, "own": 0.9486689715240642, "gap": 5.882352941176472}