{"num_clients": 132, "paper": 0.844283703818182, "own": 0.9741735044055944, "gap": 15.384615384615351}