{"num_clients": 175, "paper": 0.9016238661111111, "own": 0.9546605641176472, "gap": 5.882352941176494}