{"num_clients": 188, "paper": 0.8876521046411483, "own": 0.8876521046411483, "gap": 0.0}