{"num_clients": 187, "paper": 0.8168961085537191, "own": 0.9458797046411483, "gap": 15.78947368421051}