{"num_clients": 15, "paper": 0.6912171715151515, "own": 0.6912171715151515, "gap": 0.0}