{"num_clients": 67, "paper": 0.8733406746103896, "own": 0.8733406746103896, "gap": 0.0}