{"num_clients": 181, "paper": 0.9199048768686868, "own": 0.8714888307177033, "gap": -5.263157894736836}