{"num_clients": 114, "paper": 0.8977395903030304, "own": 0.8977395903030302, "gap": -2.220446049250313e-14}