{"num_clients": 37, "paper": 0.8344790760606061, "own": 0.8344790760606061, "gap": 0.0}