{"num_clients": 140, "paper": 0.934267136525974, "own": 0.8719826607575758, "gap": -6.666666666666665}