{"num_clients": 50, "paper": 0.7594502237012987, "own": 0.7594502237012987, "gap": 0.0}