{"num_clients": 64, "paper": 0.8819034305844156, "own": 0.7716655017613636, "gap": -12.5}