{"num_clients": 126, "paper": 0.8162833533333332, "own": 0.8745893071428572, "gap": 7.142857142857162}