{"num_clients": 111, "paper": 0.8703179109504133, "own": 0.9573497020454544, "gap": 9.999999999999964}