{"num_clients": 155, "paper": 0.87510088625, "own": 0.87510088625, "gap": 0.0}