{"num_clients": 135, "paper": 0.9007265062012987, "own": 0.9007265062012987, "gap": 0.0}