{"num_clients": 111, "paper": 0.8495487910227273, "own": 0.8495487910227273, "gap": 0.0}