{"num_clients": 34, "paper": 0.8720861273863636, "own": 0.6976689019090909, "gap": -19.999999999999996}