{"num_clients": 10, "paper": 0.5832676759090909, "own": 0.29163383795454545, "gap": -50.0}