{"num_clients": 7, "paper": 0.8128458722727272, "own": 0.8128458722727272, "gap": 0.0}