{"num_clients": 40, "paper": 0.8665841319090909, "own": 0.8665841319090909, "gap": 0.0}