{"num_clients": 185, "paper": 0.851089608340909, "own": 0.8958837982535884, "gap": 5.2631578947368585}