{"num_clients": 43, "paper": 0.7919631993636363, "own": 0.7919631993636363, "gap": 0.0}