{"num_clients": 185, "paper": 0.8730228176818182, "own": 0.9189713870334928, "gap": 5.263157894736836}