{"num_clients": 212, "paper": 0.8906937961363636, "own": 0.9797631757499999, "gap": 10.000000000000009}