{"num_clients": 108, "paper": 0.9303656557024794, "own": 0.8528351843939395, "gap": -8.333333333333337}