{"num_clients": 69, "paper": 0.9058586167424242, "own": 0.7764502429220779, "gap": -14.28571428571429}