{"num_clients": 204, "paper": 0.8515936313016529, "own": 0.892145708982684, "gap": 4.761904761904767}