{"num_clients": 210, "paper": 0.8857922959710745, "own": 0.9279728814935065, "gap": 4.761904761904767}