{"num_clients": 111, "paper": 0.9208260649242423, "own": 0.8499932906993007, "gap": -7.692307692307676}