{"num_clients": 197, "paper": 0.8839227434199134, "own": 0.8070598961660079, "gap": -8.695652173913038}