{"num_clients": 106, "paper": 0.8418841812121212, "own": 0.9184191067768595, "gap": 9.090909090909083}