{"num_clients": 120, "paper": 0.9343022290530304, "own": 0.9343022290530304, "gap": 0.0}