{"num_clients": 46, "paper": 0.8581857882954546, "own": 0.8581857882954546, "gap": 0.0}