{"num_clients": 72, "paper": 0.8312506209090909, "own": 0.831250620909091, "gap": 2.220446049250313e-14}