{"num_clients": 194, "paper": 0.8452360537662338, "own": 0.9342082699521531, "gap": 10.526315789473673}