{"num_clients": 108, "paper": 0.837557035719697, "own": 0.7731295714335664, "gap": -7.692307692307699}