{"num_clients": 127, "paper": 0.9046342897348484, "own": 0.9868737706198348, "gap": 9.090909090909127}