{"num_clients": 120, "paper": 0.8807105287762238, "own": 0.8807105287762238, "gap": 0.0}