{"num_clients": 71, "paper": 0.7920776966233766, "own": 0.9240906460606061, "gap": 16.666666666666675}