{"num_clients": 114, "paper": 0.9289368811363636, "own": 0.857480197972028, "gap": -7.692307692307687}