{"num_clients": 159, "paper": 0.9047275030748663, "own": 0.8544648640151515, "gap": -5.5555555555555465}