{"num_clients": 111, "paper": 0.9432321567768596, "own": 0.8646294770454546, "gap": -8.333333333333337}