{"num_clients": 150, "paper": 0.8994915039696969, "own": 0.9637408971103897, "gap": 7.142857142857162}