{"num_clients": 62, "paper": 0.7049112754545455, "own": 0.8056128862337663, "gap": 14.28571428571428}