{"num_clients": 41, "paper": 0.7763758564545454, "own": 0.9704698205681819, "gap": 25.0}