{"num_clients": 36, "paper": 0.8780889190909091, "own": 0.8780889190909091, "gap": 0.0}