{"num_clients": 93, "paper": 0.9088892501363637, "own": 0.9088892501363637, "gap": 0.0}