{"num_clients": 159, "paper": 0.8608172798663102, "own": 0.9755929171818181, "gap": 13.333333333333307}