{"num_clients": 161, "paper": 0.8547336822474747, "own": 0.905012134144385, "gap": 5.882352941176472}