{"num_clients": 155, "paper": 0.9196807073030303, "own": 0.8622006630965909, "gap": -6.25}