{"num_clients": 199, "paper": 0.8762156432683982, "own": 0.8762156432683982, "gap": 0.0}