{"num_clients": 46, "paper": 0.936178808909091, "own": 0.7801490074242424, "gap": -16.666666666666675}