{"num_clients": 130, "paper": 0.9122007385664335, "own": 0.8470435429545454, "gap": -7.14285714285714}