{"num_clients": 204, "paper": 0.8896673102380952, "own": 0.8492278870454545, "gap": -4.545454545454552}