{"num_clients": 82, "paper": 0.8716785076363637, "own": 0.8716785076363637, "gap": 0.0}