{"num_clients": 49, "paper": 0.763756040909091, "own": 0.8910487143939395, "gap": 16.666666666666675}