{"num_clients": 213, "paper": 0.8483889275296442, "own": 0.8869520605991735, "gap": 4.545454545454541}