{"num_clients": 73, "paper": 0.8741304567532467, "own": 0.6798792441414141, "gap": -22.22222222222222}