{"num_clients": 52, "paper": 0.8936935052272728, "own": 0.7660230044805195, "gap": -14.28571428571428}