{"num_clients": 157, "paper": 0.9302313993506494, "own": 0.9302313993506494, "gap": 0.0}