{"num_clients": 91, "paper": 0.8936274681313131, "own": 0.8042647213181817, "gap": -10.000000000000009}