{"num_clients": 164, "paper": 0.9213424994886363, "own": 0.9827653327878788, "gap": 6.666666666666665}