{"num_clients": 213, "paper": 0.8541837532608696, "own": 0.8930102875, "gap": 4.545454545454541}