{"num_clients": 42, "paper": 0.7375536272727273, "own": 0.9219420340909091, "gap": 25.0}