{"num_clients": 77, "paper": 0.8173516669318182, "own": 0.726534815050505, "gap": -11.111111111111116}