{"num_clients": 9, "paper": 0.5842828281818181, "own": 0.2921414140909091, "gap": -49.999999999999986}