{"num_clients": 30, "paper": 0.8844856298484848, "own": 0.6633642223863636, "gap": -25.0}