{"num_clients": 166, "paper": 0.9161618748863637, "own": 0.9772393332121212, "gap": 6.666666666666665}