{"num_clients": 13, "paper": 0.5664142384090909, "own": 0.5664142384090909, "gap": 0.0}