{"num_clients": 201, "paper": 0.9263351454545454, "own": 0.8421228595041321, "gap": -9.090909090909104}