{"num_clients": 192, "paper": 0.9075234603827752, "own": 0.8621472873636364, "gap": -5.000000000000004}