{"num_clients": 46, "paper": 0.9358117093181819, "own": 0.9358117093181819, "gap": 0.0}