{"num_clients": 47, "paper": 0.9389283056818182, "own": 0.7511426445454545, "gap": -19.999999999999996}