{"num_clients": 157, "paper": 0.851048393708134, "own": 0.8983288600252526, "gap": 5.555555555555558}