{"num_clients": 161, "paper": 0.8867349597443184, "own": 0.9458506237272726, "gap": 6.666666666666621}