{"num_clients": 25, "paper": 0.7273717472727271, "own": 0.7273717472727274, "gap": 2.220446049250313e-14}