{"num_clients": 187, "paper": 0.9203044424641149, "own": 0.9203044424641147, "gap": -2.220446049250313e-14}