{"num_clients": 50, "paper": 0.9160208835454545, "own": 0.7633507362878788, "gap": -16.666666666666675}