{"num_clients": 28, "paper": 0.7914605904545455, "own": 0.5935954428409091, "gap": -25.0}