{"num_clients": 27, "paper": 0.671076135, "own": 0.671076135, "gap": 0.0}