{"num_clients": 125, "paper": 0.8892475483766233, "own": 0.8892475483766233, "gap": 0.0}