{"num_clients": 49, "paper": 0.7929605973636364, "own": 0.7929605973636364, "gap": 0.0}