{"num_clients": 78, "paper": 0.9206691807792208, "own": 0.8055855331818181, "gap": -12.5}