{"num_clients": 19, "paper": 0.9544747470454547, "own": 0.9544747470454545, "gap": -1.1102230246251565e-14}