{"num_clients": 80, "paper": 0.9720492718181818, "own": 0.8331850901298701, "gap": -14.28571428571429}