{"num_clients": 192, "paper": 0.9123141858636364, "own": 0.8688706532034632, "gap": -4.761904761904767}