{"num_clients": 206, "paper": 0.8760534608057852, "own": 0.8760534608057852, "gap": 0.0}