{"num_clients": 35, "paper": 0.754440245909091, "own": 0.9053282950909092, "gap": 19.999999999999996}