{"num_clients": 36, "paper": 0.8223083791818182, "own": 0.8223083791818182, "gap": 0.0}