{"num_clients": 186, "paper": 0.9024797836111111, "own": 0.902479783611111, "gap": -1.1102230246251565e-14}