{"num_clients": 166, "paper": 0.9052148630303031, "own": 0.9052148630303031, "gap": 0.0}