{"num_clients": 11, "paper": 0.5780104447727272, "own": 0.5780104447727272, "gap": 0.0}