{"num_clients": 60, "paper": 0.8473512620454545, "own": 0.6355134465340909, "gap": -25.0}