{"num_clients": 102, "paper": 0.8851281977272727, "own": 0.7966153779545454, "gap": -9.999999999999998}