{"num_clients": 10, "paper": 0.681732135, "own": 0.3408660675, "gap": -50.0}