{"num_clients": 22, "paper": 0.7524131813636363, "own": 0.7524131813636363, "gap": 0.0}