{"num_clients": 141, "paper": 0.9108475469696969, "own": 0.9108475469696969, "gap": 0.0}