{"num_clients": 211, "paper": 0.9272032127489178, "own": 0.846576846422925, "gap": -8.695652173913038}