{"num_clients": 149, "paper": 0.8557513262784091, "own": 0.9780015157467533, "gap": 14.285714285714302}