{"num_clients": 165, "paper": 0.8598607542344497, "own": 0.8598607542344497, "gap": 0.0}