{"num_clients": 15, "paper": 0.8436006209090909, "own": 0.281200206969697, "gap": -66.66666666666666}