{"num_clients": 94, "paper": 0.8694646144444445, "own": 0.782518153, "gap": -9.999999999999998}