{"num_clients": 119, "paper": 0.8962420205454545, "own": 0.8962420205454545, "gap": 0.0}