{"num_clients": 38, "paper": 0.8155455186363636, "own": 0.8155455186363636, "gap": 0.0}