{"num_clients": 105, "paper": 0.9533994601818181, "own": 0.866726781983471, "gap": -9.090909090909093}