{"num_clients": 24, "paper": 0.8689737761363636, "own": 0.8689737761363636, "gap": 0.0}