{"num_clients": 119, "paper": 0.8532540867424242, "own": 0.9308226400826446, "gap": 9.090909090909083}