{"num_clients": 132, "paper": 0.8876858421103896, "own": 0.9559693684265734, "gap": 7.692307692307687}