{"num_clients": 189, "paper": 0.9182561968421051, "own": 0.8308032257142858, "gap": -9.5238095238095}