{"num_clients": 55, "paper": 0.9558438987272726, "own": 0.6827456419480519, "gap": -28.57142857142857}