{"num_clients": 201, "paper": 0.8593293354338843, "own": 0.9452622689772727, "gap": 9.999999999999986}