{"num_clients": 85, "paper": 0.7932286392975207, "own": 0.8725515032272728, "gap": 10.000000000000009}