{"num_clients": 59, "paper": 0.8082146032954546, "own": 0.9236738323376622, "gap": 14.285714285714256}