{"num_clients": 199, "paper": 0.841700379025974, "own": 0.9819837755303031, "gap": 16.666666666666675}