{"num_clients": 168, "paper": 0.8517391222966508, "own": 0.9519437249197862, "gap": 11.764705882352944}