{"num_clients": 47, "paper": 0.8662025914772727, "own": 0.6929620731818181, "gap": -20.000000000000007}