{"num_clients": 28, "paper": 0.8916645668181818, "own": 0.6687484251136364, "gap": -25.0}