{"num_clients": 74, "paper": 0.9535723241666667, "own": 0.9535723241666667, "gap": 0.0}