{"num_clients": 145, "paper": 0.9251814799350649, "own": 0.9251814799350649, "gap": 0.0}