{"num_clients": 7, "paper": 0.7454318181818183, "own": 0.7454318181818183, "gap": 0.0}