{"num_clients": 187, "paper": 0.9113894407416269, "own": 0.9113894407416269, "gap": 0.0}