{"num_clients": 205, "paper": 0.860896390268595, "own": 0.9018914564718614, "gap": 4.761904761904767}