{"num_clients": 5, "paper": 0.7417045454545454, "own": 0.7417045454545454, "gap": 0.0}