{"num_clients": 140, "paper": 0.8652160793939394, "own": 0.8111400744318181, "gap": -6.250000000000011}