{"num_clients": 120, "paper": 0.9372094661157024, "own": 0.7930233944055943, "gap": -15.384615384615385}