{"num_clients": 120, "paper": 0.9090748562500001, "own": 0.727259885, "gap": -19.999999999999996}