{"num_clients": 157, "paper": 0.8841781329144385, "own": 0.835057125530303, "gap": -5.555555555555558}