{"num_clients": 145, "paper": 0.8584289442121212, "own": 0.9197452973701299, "gap": 7.14285714285714}