{"num_clients": 28, "paper": 0.80987334875, "own": 0.8098733487499999, "gap": -1.1102230246251565e-14}