{"num_clients": 83, "paper": 0.836782627979798, "own": 0.836782627979798, "gap": 0.0}