{"num_clients": 8, "paper": 0.594282204090909, "own": 0.594282204090909, "gap": 0.0}