{"num_clients": 194, "paper": 0.8849237032251083, "own": 0.7433359107090909, "gap": -16.000000000000004}