{"num_clients": 119, "paper": 0.9381676403305785, "own": 0.9381676403305785, "gap": 0.0}