{"num_clients": 129, "paper": 0.8296941576666667, "own": 0.9573394126923078, "gap": 15.384615384615397}