{"num_clients": 158, "paper": 0.8625482359625668, "own": 0.9164575007102272, "gap": 6.25}