{"num_clients": 178, "paper": 0.7981484201082251, "own": 0.9311731567929294, "gap": 16.666666666666696}