{"num_clients": 206, "paper": 0.8728033002685951, "own": 0.9600836302954546, "gap": 10.000000000000009}