{"num_clients": 156, "paper": 0.8547012901336898, "own": 0.9686614621515152, "gap": 13.333333333333353}