{"num_clients": 202, "paper": 0.8795161715367966, "own": 0.9234919801136364, "gap": 5.000000000000004}