{"num_clients": 110, "paper": 0.8477289854545454, "own": 0.7266248446753246, "gap": -14.28571428571429}