{"num_clients": 184, "paper": 0.8797218437559808, "own": 0.9285952795202019, "gap": 5.555555555555558}