{"num_clients": 56, "paper": 0.8748730532467531, "own": 0.8748730532467534, "gap": 2.220446049250313e-14}