{"num_clients": 205, "paper": 0.8633147578305785, "own": 0.9044249843939395, "gap": 4.761904761904767}