{"num_clients": 93, "paper": 0.8635264147107439, "own": 0.8635264147107439, "gap": 0.0}