{"num_clients": 105, "paper": 0.8533957842975206, "own": 0.8533957842975206, "gap": 0.0}