{"num_clients": 66, "paper": 0.8356328736363636, "own": 0.6499366794949495, "gap": -22.22222222222222}