{"num_clients": 102, "paper": 0.8948558166161616, "own": 0.8053702349545453, "gap": -10.00000000000002}