{"num_clients": 24, "paper": 0.9984702079545454, "own": 0.6656468053030303, "gap": -33.33333333333333}