{"num_clients": 138, "paper": 0.926296767060606, "own": 0.926296767060606, "gap": 0.0}