{"num_clients": 55, "paper": 0.8676085780303029, "own": 0.867608578030303, "gap": 2.220446049250313e-14}