{"num_clients": 142, "paper": 0.9021612235454545, "own": 0.8457761470738636, "gap": -6.25}