{"num_clients": 206, "paper": 0.9143805294372294, "own": 0.9600995559090908, "gap": 5.000000000000004}