{"num_clients": 8, "paper": 0.41928030272727274, "own": 0.2096401513636364, "gap": -49.999999999999986}