{"num_clients": 60, "paper": 0.8011667918181818, "own": 0.6008750938636364, "gap": -25.0}