{"num_clients": 56, "paper": 0.9648177010909091, "own": 0.9648177010909091, "gap": 0.0}