{"num_clients": 58, "paper": 0.8762036139999999, "own": 0.8762036140000001, "gap": 2.220446049250313e-14}