{"num_clients": 69, "paper": 0.8928957196022728, "own": 0.7143165756818182, "gap": -20.000000000000007}