{"num_clients": 43, "paper": 0.8625596600909091, "own": 0.7187997167424243, "gap": -16.666666666666664}