{"num_clients": 210, "paper": 0.9134081712337663, "own": 0.9590785797954544, "gap": 4.999999999999982}