{"num_clients": 115, "paper": 0.9011575996363635, "own": 0.7509646663636363, "gap": -16.666666666666664}