{"num_clients": 209, "paper": 0.8818630057231404, "own": 0.9700493062954546, "gap": 10.000000000000032}