{"num_clients": 52, "paper": 0.8987564506363637, "own": 0.8987564506363637, "gap": 0.0}