{"num_clients": 69, "paper": 0.8317709065909091, "own": 0.8317709065909091, "gap": 0.0}