{"num_clients": 54, "paper": 0.902788703560606, "own": 0.7738188887662337, "gap": -14.28571428571429}