{"num_clients": 68, "paper": 0.9046546512337662, "own": 0.9046546512337663, "gap": 2.220446049250313e-14}