{"num_clients": 42, "paper": 0.939191917840909, "own": 0.7513535342727272, "gap": -20.000000000000007}