{"num_clients": 190, "paper": 0.9238539418660289, "own": 0.975179160858586, "gap": 5.555555555555558}