{"num_clients": 157, "paper": 0.9053576799197861, "own": 0.9619425349147728, "gap": 6.25}