{"num_clients": 159, "paper": 0.9463246155757576, "own": 0.8871793271022728, "gap": -6.25}