{"num_clients": 115, "paper": 0.83408553, "own": 0.9730997849999999, "gap": 16.666666666666675}