{"num_clients": 213, "paper": 0.9088502106709958, "own": 0.9542927212045456, "gap": 5.000000000000004}