{"num_clients": 46, "paper": 0.9198405879545455, "own": 0.9198405879545455, "gap": 0.0}