{"num_clients": 63, "paper": 0.8662326983522728, "own": 0.7699846207575757, "gap": -11.111111111111127}