{"num_clients": 176, "paper": 0.8974048331818182, "own": 0.8974048331818182, "gap": 0.0}