{"num_clients": 204, "paper": 0.9414886808181817, "own": 0.9414886808181817, "gap": 0.0}