{"num_clients": 214, "paper": 0.8949355316735538, "own": 0.9844290848409092, "gap": 10.000000000000009}