{"num_clients": 139, "paper": 0.8237174978693181, "own": 0.8786319977272729, "gap": 6.666666666666687}