{"num_clients": 69, "paper": 0.8021803624025974, "own": 0.8021803624025975, "gap": 2.220446049250313e-14}