{"num_clients": 7, "paper": 0.7685454545454545, "own": 0.7685454545454545, "gap": 0.0}