{"num_clients": 201, "paper": 0.887363465952381, "own": 0.9807701465789475, "gap": 10.526315789473696}