{"num_clients": 92, "paper": 0.8864557422727273, "own": 0.7252819709504132, "gap": -18.181818181818176}