{"num_clients": 53, "paper": 0.8168307016363636, "own": 0.6806922513636363, "gap": -16.666666666666675}