{"num_clients": 36, "paper": 0.7959362314772728, "own": 0.7959362314772728, "gap": 0.0}