{"num_clients": 57, "paper": 0.8853325615151514, "own": 0.7588564812987013, "gap": -14.285714285714269}