{"num_clients": 59, "paper": 0.8717162566233766, "own": 0.678001532929293, "gap": -22.22222222222221}