{"num_clients": 22, "paper": 0.6797930959090909, "own": 0.6797930959090909, "gap": 0.0}