{"num_clients": 43, "paper": 0.850595758409091, "own": 0.850595758409091, "gap": 0.0}