{"num_clients": 79, "paper": 0.8873819251704546, "own": 0.8873819251704546, "gap": 0.0}