{"num_clients": 102, "paper": 0.8679562287727272, "own": 0.723296857310606, "gap": -16.666666666666664}