{"num_clients": 35, "paper": 0.8065491617045455, "own": 0.8065491617045455, "gap": 0.0}