{"num_clients": 135, "paper": 0.8856712038961039, "own": 0.8266264569696969, "gap": -6.666666666666665}