{"num_clients": 198, "paper": 0.898315705409091, "own": 0.898315705409091, "gap": 0.0}