{"num_clients": 50, "paper": 0.813626874469697, "own": 0.9763522493636364, "gap": 20.000000000000018}