{"num_clients": 52, "paper": 0.8802374281818182, "own": 0.8802374281818182, "gap": 0.0}