{"num_clients": 13, "paper": 0.9963863636363637, "own": 0.49819318181818184, "gap": -50.0}