{"num_clients": 153, "paper": 0.8713307698579545, "own": 0.9294194878484848, "gap": 6.666666666666665}