{"num_clients": 124, "paper": 0.9249967682954545, "own": 0.9249967682954545, "gap": 0.0}