{"num_clients": 181, "paper": 0.9007360202777777, "own": 0.8533288613157893, "gap": -5.263157894736848}