{"num_clients": 102, "paper": 0.8594980467355371, "own": 0.7878732095075757, "gap": -8.333333333333337}