{"num_clients": 182, "paper": 0.8914344152870813, "own": 0.940958549469697, "gap": 5.555555555555558}