{"num_clients": 138, "paper": 0.8741211802597402, "own": 0.9413612710489511, "gap": 7.692307692307709}