{"num_clients": 178, "paper": 0.8402493530143541, "own": 0.8402493530143541, "gap": 0.0}