{"num_clients": 119, "paper": 0.8903658420833334, "own": 0.821876161923077, "gap": -7.692307692307687}