{"num_clients": 17, "paper": 0.6957032820454545, "own": 0.463802188030303, "gap": -33.333333333333336}