{"num_clients": 208, "paper": 0.8552708757644628, "own": 0.9407979633409091, "gap": 10.000000000000009}