{"num_clients": 122, "paper": 0.8423478741958041, "own": 0.9125435303787879, "gap": 8.333333333333348}