{"num_clients": 37, "paper": 0.9288483988636363, "own": 0.5307705136363637, "gap": -42.85714285714285}