{"num_clients": 45, "paper": 0.8046390713636363, "own": 0.5364260475757575, "gap": -33.333333333333336}