{"num_clients": 27, "paper": 0.693072600909091, "own": 0.5544580807272728, "gap": -19.999999999999996}