{"num_clients": 117, "paper": 0.8841428088016529, "own": 0.8841428088016529, "gap": 0.0}