{"num_clients": 88, "paper": 0.8748904327272727, "own": 0.8748904327272727, "gap": 0.0}