{"num_clients": 43, "paper": 0.8506911776363637, "own": 0.8506911776363637, "gap": 0.0}