{"num_clients": 165, "paper": 0.9166020484343433, "own": 0.9166020484343433, "gap": 0.0}