{"num_clients": 129, "paper": 0.944318195151515, "own": 0.8716783339860139, "gap": -7.692307692307687}