{"num_clients": 104, "paper": 0.9109095772222222, "own": 0.8198186195, "gap": -9.999999999999998}