{"num_clients": 39, "paper": 0.7975506917272728, "own": 0.6646255764393939, "gap": -16.666666666666675}