{"num_clients": 10, "paper": 0.5229031213636364, "own": 0.5229031213636364, "gap": 0.0}