{"num_clients": 63, "paper": 0.8442295267424242, "own": 0.6331721450568182, "gap": -25.0}