{"num_clients": 57, "paper": 0.864702963961039, "own": 0.756615093465909, "gap": -12.5}