{"num_clients": 89, "paper": 0.8952353149494949, "own": 0.8952353149494949, "gap": 0.0}