{"num_clients": 19, "paper": 0.6368465595454545, "own": 0.42456437303030303, "gap": -33.333333333333336}