{"num_clients": 181, "paper": 0.9021890308333332, "own": 0.9552589738235293, "gap": 5.882352941176472}