{"num_clients": 131, "paper": 0.9152646406818182, "own": 0.9152646406818183, "gap": 2.220446049250313e-14}