{"num_clients": 29, "paper": 0.7977074367045455, "own": 0.7977074367045455, "gap": 0.0}