{"num_clients": 98, "paper": 0.8376543845867769, "own": 0.8376543845867769, "gap": 0.0}