{"num_clients": 9, "paper": 0.44845867727272726, "own": 0.14948622575757575, "gap": -66.66666666666667}