{"num_clients": 146, "paper": 0.8890655007792209, "own": 0.9574551546853146, "gap": 7.692307692307665}