{"num_clients": 194, "paper": 0.8930822705681818, "own": 0.9400866005980861, "gap": 5.263157894736836}