{"num_clients": 184, "paper": 0.8882952931578948, "own": 0.9376450316666666, "gap": 5.555555555555536}