{"num_clients": 113, "paper": 0.9116634482575757, "own": 0.6837475861931818, "gap": -25.0}