{"num_clients": 142, "paper": 0.8802220861363637, "own": 0.9479314773776224, "gap": 7.692307692307687}