{"num_clients": 210, "paper": 0.8783239614256199, "own": 0.920148911969697, "gap": 4.761904761904767}