{"num_clients": 30, "paper": 0.76264348125, "own": 0.5084289875, "gap": -33.333333333333336}