{"num_clients": 170, "paper": 0.9100045361764706, "own": 0.9668798196875, "gap": 6.25}