{"num_clients": 34, "paper": 0.7923581969318182, "own": 0.6338865575454545, "gap": -20.000000000000007}