{"num_clients": 177, "paper": 0.852144677909091, "own": 0.8521446779090909, "gap": -1.1102230246251565e-14}