{"num_clients": 33, "paper": 0.6973604134090909, "own": 0.6973604134090909, "gap": 0.0}