{"num_clients": 90, "paper": 0.9508444877272727, "own": 0.8451951002020202, "gap": -11.111111111111116}