{"num_clients": 180, "paper": 0.8880356926315789, "own": 0.8880356926315789, "gap": 0.0}