{"num_clients": 48, "paper": 0.9089944830000001, "own": 0.9089944830000001, "gap": 0.0}