{"num_clients": 110, "paper": 0.9107958118181819, "own": 0.8348961608333333, "gap": -8.333333333333348}