{"num_clients": 206, "paper": 0.8558497878719009, "own": 0.941434766659091, "gap": 9.999999999999986}