{"num_clients": 23, "paper": 0.5791553036363637, "own": 0.5791553036363637, "gap": 0.0}