{"num_clients": 150, "paper": 0.9163344485511363, "own": 0.8145195098232323, "gap": -11.111111111111116}