{"num_clients": 14, "paper": 0.633265725, "own": 0.42217715, "gap": -33.333333333333336}