{"num_clients": 202, "paper": 0.9010476613852815, "own": 0.9461000444545455, "gap": 5.000000000000004}