{"num_clients": 72, "paper": 0.9061528772727272, "own": 0.9061528772727272, "gap": 0.0}