{"num_clients": 14, "paper": 0.6390419579545454, "own": 0.42602797196969694, "gap": -33.333333333333336}