{"num_clients": 59, "paper": 0.7880133721428572, "own": 0.9193489341666666, "gap": 16.66666666666665}