{"num_clients": 87, "paper": 0.8639155206565656, "own": 0.706839971446281, "gap": -18.181818181818176}