{"num_clients": 59, "paper": 0.9288039486363636, "own": 0.9288039486363636, "gap": 0.0}