{"num_clients": 55, "paper": 0.7916426414545454, "own": 0.7916426414545455, "gap": 2.220446049250313e-14}