{"num_clients": 86, "paper": 0.9348524558522727, "own": 0.7478819646818182, "gap": -19.999999999999996}