{"num_clients": 33, "paper": 0.7916067631818181, "own": 0.5937050723863636, "gap": -25.0}