{"num_clients": 68, "paper": 0.8280023661931818, "own": 0.8280023661931818, "gap": 0.0}