{"num_clients": 92, "paper": 0.8672639445959596, "own": 0.8672639445959596, "gap": 0.0}