{"num_clients": 120, "paper": 0.8587521568181818, "own": 0.924810015034965, "gap": 7.692307692307687}