{"num_clients": 164, "paper": 0.9103614926767677, "own": 0.9103614926767677, "gap": 0.0}