{"num_clients": 212, "paper": 0.8455371488735177, "own": 0.9723677212045455, "gap": 15.000000000000014}