{"num_clients": 180, "paper": 0.8748585748564593, "own": 0.8748585748564593, "gap": 0.0}