{"num_clients": 92, "paper": 0.8757614002020202, "own": 0.7881852601818182, "gap": -9.999999999999998}