{"num_clients": 181, "paper": 0.8697148977272726, "own": 0.9180323920454545, "gap": 5.555555555555558}