{"num_clients": 27, "paper": 0.7489972759090909, "own": 0.5991978207272728, "gap": -19.999999999999996}