{"num_clients": 67, "paper": 0.8692973159659091, "own": 0.8692973159659091, "gap": 0.0}