{"num_clients": 197, "paper": 0.887919981038961, "own": 0.9813852422009569, "gap": 10.526315789473696}