{"num_clients": 16, "paper": 0.8158961345454545, "own": 0.40794806727272725, "gap": -50.0}