{"num_clients": 37, "paper": 0.7937581138636364, "own": 0.7937581138636364, "gap": 0.0}