{"num_clients": 80, "paper": 0.8661645275568182, "own": 0.7699240244949495, "gap": -11.111111111111116}