{"num_clients": 87, "paper": 0.8927863588888888, "own": 0.8927863588888889, "gap": 2.220446049250313e-14}