{"num_clients": 33, "paper": 0.9887091568181818, "own": 0.6591394378787879, "gap": -33.33333333333333}