{"num_clients": 131, "paper": 0.941631907310606, "own": 0.8691986836713286, "gap": -7.692307692307699}