{"num_clients": 75, "paper": 0.9236971974242424, "own": 0.6927728980681819, "gap": -24.99999999999999}