{"num_clients": 203, "paper": 0.8687982626190476, "own": 0.91223817575, "gap": 5.000000000000004}