{"num_clients": 214, "paper": 0.8560252911660079, "own": 0.9844290848409092, "gap": 15.000000000000014}