{"num_clients": 149, "paper": 0.8949458323579546, "own": 0.8423019598663102, "gap": -5.882352941176472}