{"num_clients": 137, "paper": 0.8739487062237762, "own": 0.757422212060606, "gap": -13.33333333333333}