{"num_clients": 212, "paper": 0.8510153081225297, "own": 0.9786676043409092, "gap": 15.000000000000014}