{"num_clients": 13, "paper": 0.6937363631818181, "own": 0.4624909087878788, "gap": -33.33333333333333}