{"num_clients": 172, "paper": 0.8801953771657754, "own": 0.8801953771657754, "gap": 0.0}