{"num_clients": 23, "paper": 0.8062760857575758, "own": 0.8062760857575757, "gap": -1.1102230246251565e-14}