{"num_clients": 100, "paper": 0.851328856060606, "own": 0.851328856060606, "gap": 0.0}