{"num_clients": 86, "paper": 0.7565865311157025, "own": 0.8322451842272727, "gap": 9.999999999999986}