{"num_clients": 39, "paper": 0.8180136946363638, "own": 0.8180136946363635, "gap": -2.220446049250313e-14}