{"num_clients": 130, "paper": 0.9282000239772726, "own": 0.7425600191818181, "gap": -19.999999999999996}