{"num_clients": 37, "paper": 0.7942450639772727, "own": 0.7942450639772728, "gap": 2.220446049250313e-14}