{"num_clients": 32, "paper": 0.9095312286363636, "own": 0.6821484214772727, "gap": -25.0}