{"num_clients": 89, "paper": 0.8591868352727273, "own": 0.9546520391919192, "gap": 11.111111111111116}