{"num_clients": 176, "paper": 0.9366595999465241, "own": 0.9366595999465241, "gap": 0.0}