{"num_clients": 143, "paper": 0.8600897929829545, "own": 0.9829597634090909, "gap": 14.28571428571428}