{"num_clients": 14, "paper": 0.8536394709090909, "own": 0.8536394709090909, "gap": 0.0}