{"num_clients": 120, "paper": 0.9255734153636365, "own": 0.8414303776033059, "gap": -9.090909090909093}