{"num_clients": 55, "paper": 0.9095143087121212, "own": 0.9095143087121212, "gap": 0.0}