{"num_clients": 109, "paper": 0.8593545058333333, "own": 0.8593545058333333, "gap": 0.0}