{"num_clients": 61, "paper": 0.8670972385606062, "own": 0.7432262044805195, "gap": -14.285714285714302}