{"num_clients": 95, "paper": 0.8650426314049586, "own": 0.7929557454545454, "gap": -8.333333333333337}