{"num_clients": 24, "paper": 0.8285247920454546, "own": 0.8285247920454546, "gap": 0.0}