{"num_clients": 192, "paper": 0.8890307298409091, "own": 0.9358218208851675, "gap": 5.263157894736836}