{"num_clients": 43, "paper": 0.9263770362727272, "own": 0.9263770362727273, "gap": 2.220446049250313e-14}