{"num_clients": 178, "paper": 0.8834309661363636, "own": 0.9353974935561498, "gap": 5.882352941176472}