{"num_clients": 162, "paper": 0.8710976007070708, "own": 0.9223386360427808, "gap": 5.882352941176472}