{"num_clients": 56, "paper": 0.9098369138181818, "own": 0.9098369138181818, "gap": 0.0}