{"num_clients": 35, "paper": 0.7881362177272727, "own": 0.5254241451515151, "gap": -33.333333333333336}