{"num_clients": 16, "paper": 0.7174690288636364, "own": 0.7174690288636364, "gap": 0.0}