{"num_clients": 97, "paper": 0.9108495359595958, "own": 0.9108495359595961, "gap": 2.220446049250313e-14}