{"num_clients": 53, "paper": 0.8129075512727273, "own": 0.8129075512727273, "gap": 0.0}