{"num_clients": 33, "paper": 0.9561432395454545, "own": 0.9561432395454545, "gap": 0.0}