{"num_clients": 210, "paper": 0.924674885995671, "own": 0.8826442093595042, "gap": -4.545454545454552}