{"num_clients": 145, "paper": 0.8508189760909092, "own": 0.9817142031818182, "gap": 15.384615384615374}