{"num_clients": 20, "paper": 0.8601542922727272, "own": 0.8601542922727273, "gap": 2.220446049250313e-14}