{"num_clients": 30, "paper": 0.797912534090909, "own": 0.6649271117424242, "gap": -16.66666666666665}