{"num_clients": 124, "paper": 0.9138197111742424, "own": 0.9138197111742423, "gap": -1.1102230246251565e-14}