{"num_clients": 152, "paper": 0.9223942865584416, "own": 0.8070950007386364, "gap": -12.5}