{"num_clients": 159, "paper": 0.8927990112784091, "own": 0.7935991211363637, "gap": -11.111111111111105}