{"num_clients": 24, "paper": 0.8956731881818182, "own": 0.8956731881818182, "gap": 0.0}