{"num_clients": 175, "paper": 0.8955989296212121, "own": 0.8484621438516746, "gap": -5.263157894736848}