{"num_clients": 197, "paper": 0.8827336215454545, "own": 0.9808151350505049, "gap": 11.111111111111093}