{"num_clients": 142, "paper": 0.9427350904829546, "own": 0.9427350904829546, "gap": 0.0}