{"num_clients": 195, "paper": 0.8730630495, "own": 0.9190137363157894, "gap": 5.263157894736836}