{"num_clients": 173, "paper": 0.8738090368181818, "own": 0.8738090368181818, "gap": 0.0}