{"num_clients": 81, "paper": 0.7996050957272727, "own": 0.7269137233884297, "gap": -9.090909090909083}