{"num_clients": 106, "paper": 0.8775855281818181, "own": 0.810078949090909, "gap": -7.692307692307687}