{"num_clients": 149, "paper": 0.8931764585454547, "own": 0.9569747770129869, "gap": 7.1428571428571175}