{"num_clients": 153, "paper": 0.8411570786363636, "own": 0.9533113557878787, "gap": 13.33333333333333}