{"num_clients": 202, "paper": 0.8518892736570247, "own": 0.9370782010227273, "gap": 10.000000000000009}