{"num_clients": 188, "paper": 0.8350615049090908, "own": 0.9278461165656565, "gap": 11.111111111111116}