{"num_clients": 95, "paper": 0.8517116600413224, "own": 0.8517116600413224, "gap": 0.0}