{"num_clients": 75, "paper": 0.9550712751948052, "own": 0.9550712751948052, "gap": 0.0}