{"num_clients": 60, "paper": 0.7897167631060605, "own": 0.7897167631060605, "gap": 0.0}