{"num_clients": 55, "paper": 0.917906379090909, "own": 0.7649219825757575, "gap": -16.666666666666664}