{"num_clients": 40, "paper": 0.9859786493939394, "own": 0.9859786493939394, "gap": 0.0}