{"num_clients": 125, "paper": 0.8878574183116882, "own": 0.9561541427972029, "gap": 7.692307692307709}