{"num_clients": 119, "paper": 0.9181692557342657, "own": 0.9181692557342658, "gap": 2.220446049250313e-14}