{"num_clients": 173, "paper": 0.8766195784449762, "own": 0.9797512935561498, "gap": 11.76470588235292}