{"num_clients": 51, "paper": 0.8169361320909092, "own": 0.6807801100757574, "gap": -16.666666666666696}