{"num_clients": 40, "paper": 0.7786440999090908, "own": 0.9733051248863636, "gap": 25.0}