{"num_clients": 102, "paper": 0.8235833057024794, "own": 0.8235833057024794, "gap": 0.0}