{"num_clients": 211, "paper": 0.8823260275413223, "own": 0.8439640263438735, "gap": -4.347826086956519}