{"num_clients": 173, "paper": 0.8617283386363637, "own": 0.9631081431818181, "gap": 11.764705882352944}