{"num_clients": 204, "paper": 0.8557399834090909, "own": 0.9413139817499999, "gap": 9.999999999999986}