{"num_clients": 140, "paper": 0.8841093640000001, "own": 0.9472600328571429, "gap": 7.14285714285714}