{"num_clients": 106, "paper": 0.8763991869318182, "own": 0.8763991869318182, "gap": 0.0}