{"num_clients": 186, "paper": 0.8951499092727273, "own": 0.8951499092727273, "gap": 0.0}