{"num_clients": 23, "paper": 0.9353393134090908, "own": 0.46766965670454547, "gap": -49.999999999999986}