{"num_clients": 100, "paper": 0.806885528429752, "own": 0.8875740812727273, "gap": 10.000000000000009}