{"num_clients": 137, "paper": 0.8946384255194805, "own": 0.8946384255194806, "gap": 2.220446049250313e-14}