{"num_clients": 186, "paper": 0.8689163782727272, "own": 0.9146488192344497, "gap": 5.2631578947368585}