{"num_clients": 16, "paper": 0.5853663554545455, "own": 0.390244236969697, "gap": -33.333333333333336}