{"num_clients": 146, "paper": 0.8307829518716577, "own": 0.9415540121212121, "gap": 13.33333333333333}