{"num_clients": 93, "paper": 0.8577677109545455, "own": 0.7797888281404959, "gap": -9.090909090909093}