{"num_clients": 206, "paper": 0.9110387785714286, "own": 0.9565907174999999, "gap": 4.999999999999982}