{"num_clients": 179, "paper": 0.8408846562045454, "own": 0.9343162846717171, "gap": 11.111111111111116}