{"num_clients": 122, "paper": 0.8417908712587413, "own": 0.7295520884242425, "gap": -13.33333333333333}