{"num_clients": 22, "paper": 0.7288869368181818, "own": 0.7288869368181818, "gap": 0.0}