{"num_clients": 114, "paper": 0.8980911687062937, "own": 0.8980911687062937, "gap": 0.0}