{"num_clients": 205, "paper": 0.8348390536561265, "own": 0.9600649117045454, "gap": 14.999999999999991}