{"num_clients": 86, "paper": 0.8239751976363637, "own": 0.7490683614876034, "gap": -9.090909090909093}