{"num_clients": 76, "paper": 0.8901052007070707, "own": 0.8010946806363636, "gap": -9.999999999999998}