{"num_clients": 186, "paper": 0.8784424881136363, "own": 0.9760472090151515, "gap": 11.111111111111116}