{"num_clients": 146, "paper": 0.8858844711079545, "own": 0.8858844711079545, "gap": 0.0}