{"num_clients": 109, "paper": 0.8601484154132231, "own": 0.7278178899650349, "gap": -15.384615384615385}