{"num_clients": 180, "paper": 0.8826586298232324, "own": 0.8826586298232324, "gap": 0.0}