{"num_clients": 53, "paper": 0.7855091932575758, "own": 0.7855091932575756, "gap": -3.3306690738754696e-14}