{"num_clients": 175, "paper": 0.8665381423444977, "own": 0.9684838061497326, "gap": 11.764705882352944}