{"num_clients": 11, "paper": 0.9707348477272727, "own": 0.9707348477272727, "gap": 0.0}