{"num_clients": 163, "paper": 0.8797405780481283, "own": 0.830866101489899, "gap": -5.5555555555555465}