{"num_clients": 74, "paper": 0.927856538560606, "own": 0.927856538560606, "gap": 0.0}