{"num_clients": 24, "paper": 0.7940740354545455, "own": 0.5293826903030303, "gap": -33.333333333333336}