{"num_clients": 130, "paper": 0.8667976243939394, "own": 0.945597408429752, "gap": 9.090909090909083}