{"num_clients": 183, "paper": 0.85419384215311, "own": 0.9016490556060606, "gap": 5.555555555555558}