{"num_clients": 139, "paper": 0.8794411094242424, "own": 0.9422583315259739, "gap": 7.14285714285714}