{"num_clients": 151, "paper": 0.9125323511212122, "own": 0.9125323511212122, "gap": 0.0}