{"num_clients": 112, "paper": 0.8405000041608391, "own": 0.8405000041608391, "gap": 0.0}