{"num_clients": 99, "paper": 0.7895038429752066, "own": 0.9649491414141413, "gap": 22.22222222222221}