{"num_clients": 167, "paper": 0.8591670396172248, "own": 0.8591670396172248, "gap": 0.0}