{"num_clients": 111, "paper": 0.9038270378099174, "own": 0.8285081179924242, "gap": -8.333333333333337}