{"num_clients": 145, "paper": 0.8939059935454545, "own": 0.8380368689488636, "gap": -6.25}