{"num_clients": 111, "paper": 0.8942254347272728, "own": 0.8942254347272728, "gap": 0.0}