{"num_clients": 88, "paper": 0.8643719190454545, "own": 0.8643719190454545, "gap": 0.0}