{"num_clients": 91, "paper": 0.8537711837190082, "own": 0.8537711837190082, "gap": 0.0}