{"num_clients": 136, "paper": 0.9065372501948052, "own": 0.9065372501948052, "gap": 0.0}